first,last,address,city,state,zip,phone,email,password
Jan,Hullin,235 Loeprich Alley,Atlanta,GA,30358,404-342-8235,jhullin0@businessweek.com,TFK77cCV
Jesse,Curnucke,0 Continental Pass,Houston,TX,77250,713-471-7401,jcurnucke1@nih.gov,fOjDIwNw
Shell,Iapico,50 Judy Terrace,Akron,OH,44305,330-502-3367,siapico2@sina.com.cn,loWnEcK
Brendin,Spragg,8 Paget Junction,Athens,GA,30610,706-414-0765,bspragg3@mlb.com,yqPnVu3sy3K
Kearney,Wincom,028 Clove Alley,Rochester,NY,14652,1,kwincom4@dot.gov,YLSoCSt
Victor,Deniset,7 Nevada Road,Huntington,WV,25705,304-503-7226,vdeniset5@people.com.cn,BU2noA
Perrine,Geldart,9 Ramsey Road,Lexington,KY,40586,859-616-9275,pgeldart6@pen.io,BBcwZtJ9a6E
Manolo,Trinkwon,35171 Summerview Lane,Memphis,TN,38126,901-206-6781,mtrinkwon7@mac.com,P6t3P5q
Daloris,Dusting,41 Roxbury Lane,åß∂ƒ©˙∆˚¬…æ,DC,20088,202-336-0370,ddusting8@lulu.com,CXDEC06qnS3k
Irene,Utridge,045 Westport Lane,Jackson,MS,39296,601-248-9931,iutridge9@bandcamp.com,1.00E+02
Geraldine,Viccary,8 Jenifer Point,Corpus Christi,TX,78426,361-128-6433,gviccarya@zimbio.com,4z6ucjDJgT
Savina,Margram,68330 Victoria Crossing,Orange,CA,92867,714-236-7346,smargramb@wikipedia.org,tzQfFPzfB1C
Rakel,Moquin,42 Lakewood Gardens Pass,Charlottesville,VA,22903,540-327-4342,rmoquinc@unicef.org,joSEJbUz
Adena,Redwing,32 Macpherson Drive,Richmond,VA,23272,804-977-4917,aredwingd@shinystat.com,hpseUa
Hildagarde,Stovin,`⁄€‹›ﬁﬂ‡°·‚—±,Buffalo,NY,14205,716-228-2554,hstovine@plala.or.jp,8jJilN8H5PeD
Deonne,Drakes,15434 Pawling Parkway,San Diego,CA,92176,619-153-6062,ddrakesf@about.com,tEOGeLRU
Sherill,Girodin,5 Jenna Park,Minneapolis,MN,55417,612-720-0944,sgiroding@123-reg.co.uk,SKzwB18Rp
Catherin,Laydon,4360 Acker Parkway,Murfreesboro,TN,37131,615-230-7621,claydonh@list-manage.com,luNgnu1
Arabela,Griggs,4355 Northwestern Road,Canton,OH,44705,330-799-2197,agriggsi@stanford.edu,K7fi4UmRoki
Milena,Dunstall,6 Riverside Drive,Los Angeles,CA,90055,213-808-3993,mdunstallj@shareasale.com,Q17e7F
Annalee,Braga,613 Mayfield Court,San Antonio,TX,78205,210-247-8024,abragak@comsenz.com,ARr0oQGWqqkp
Ethelin,Jermey,7 Cambridge Park,Tulsa,OK,74156,918-991-9238,ejermeyl@techcrunch.com,rr2rfLaeOKGD
Pietrek,Monshall,8177 Corscot Pass,Scottsdale,AZ,85271,480-969-9122,pmonshallm@google.fr,m5PUyxfrv6e8
Madelon,Rau,7 Meadow Vale Crossing,Columbia,SC,29208,803-627-3786,mraun@cafepress.com,XQVqyT
Fabian,Ferri,9 Upham Hill,Henderson,NV,89012,702-579-1548,fferrio@unc.edu,EEbTfjq1
Petronilla,O'Skehan,148 Sutherland Center,Denver,CO,80228,720-152-4293,poskehanp@ycombinator.com,1rHkxf5EwR6
Ramonda,Castellucci,80 Independence Way,Chico,CA,95973,916-934-9988,rcastellucciq@washingtonpost.com,2LtlEMzKZ0LO
Tamera,Dysert,83 Hintze Crossing,Wilkes Barre,PA,18706,570-620-9974,tdysertr@sina.com.cn,qHPIxZFb
Helen,Hicks,7226 Rieder Parkway,Plano,TX,75074,972-671-1072,hhickss@infoseek.co.jp,TwReMOr3sKN8
Kaitlin,Juara,77 Grayhawk Street,Hollywood,FL,33028,305-523-2471,kjuarat@usatoday.com,x0X0KJEeATd
Eirena,Paladini,1966 Kings Court,Savannah,GA,31405,912-160-5074,epaladiniu@howstuffworks.com,FyAIgCuuWA3
Wynnie,Folini,3028 Arrowood Court,Tampa,FL,33633,813-528-3690,wfoliniv@illinois.edu,tiYgQbM7M
Sampson,Maier,730 New Castle Crossing,Topeka,KS,66622,785-872-6360,smaierw@columbia.edu,0PyycbAA
Ramsey,Candey,27 Hauk Avenue,Silver Spring,MD,20910,240-772-1140,rcandeyx@technorati.com,iopDoF5
Tillie,Stathor,891 Portage Point,Mansfield,OH,44905,419-335-4910,tstathory@ustream.tv,3HT4GX
Mallorie,McCafferky,0370 Amoth Pass,Beaumont,TX,77705,409-381-0991,mmccafferkyz@indiatimes.com,lGo1TNBTFuWm
Cross,Hughill,066 Boyd Street,Laurel,MD,20709,410-611-9637,chughill10@github.io,spGxvGfSu
Trevor,Emery,65 Bellgrove Center,Atlanta,GA,30306,404-421-6196,temery11@123-reg.co.uk,1NyVUiMEaz1
Matteo,Bracer,5882 Ridge Oak Alley,Baltimore,MD,21290,410-510-8867,mbracer12@e-recht24.de,ADgWflTtK
Jordan,Matthensen,971 Browning Circle,Sacramento,CA,95818,916-874-7045,jmatthensen13@blogger.com,MiJ1FA45JD
Trish,Geraud,0009 Claremont Junction,Pittsburgh,PA,15274,412-374-5945,tgeraud14@cyberchimps.com,lLnn1Qve8
Broddy,null,6420 Comanche Lane,New Orleans,LA,70129,504-752-0491,bmityashin15@state.tx.us,0bkVCRywk
Novelia,Mandre,0 Mariners Cove Place,Los Angeles,CA,90094,323-293-2583,nmandre16@mysql.com,RhDQJPcANn
Melisa,Bidmead,2125 Forest Junction,Huntington,WV,25711,304-642-2899,mbidmead17@weibo.com,6vb4ie
Whitby,Depka,933 Schlimgen Alley,Glendale,CA,91205,818-432-3996,wdepka18@sogou.com,yzc9qHZ
Caro,Clinning,4 Onsgard Junction,San Bernardino,CA,92424,909-669-2054,cclinning19@free.fr,INFejzc
Ashbey,Bess,4 Loeprich Place,Charlotte,NC,28263,704-338-3796,abess1a@prweb.com,l6lTcc
Elizabeth,Hawksby,5 Sachs Center,Laurel,MD,20709,202-874-0264,ehawksby1b@ucoz.ru,5pGOUY
Katine,Cabrales,8008 Mandrake Court,Hayward,CA,94544,209-857-8030,kcabrales1c@reverbnation.com,xoPtfNcj
Mordecai,Batiste,71331 Sauthoff Circle,Littleton,CO,80161,303-947-8842,mbatiste1d@people.com.cn,l0PvDksyt
Christos,Nunnerley,47 Knutson Park,Memphis,TN,38104,901-738-2458,cnunnerley1e@taobao.com,AGEOEbsnLZ
Orelle,Pavey,9176 Village Parkway,Duluth,GA,30096,678-762-1710,opavey1f@google.cn,pkb6ZVI0Bi
Tatiania,Willowby,97 Maple Point,Philadelphia,PA,19104,267-721-0513,twillowby1g@goo.ne.jp,Tqy5mU5
Alameda,Jutson,9667 Toban Place,Baton Rouge,LA,70810,225-372-3325,ajutson1h@devhub.com,d1tWDW
Rozamond,Scrannage,6906 Aberg Lane,Fredericksburg,VA,22405,540-858-4738,rscrannage1i@howstuffworks.com,PTuU78qSAErg
Joey,Missenden,6251 Luster Avenue,Houston,TX,77245,713-932-0671,jmissenden1j@geocities.jp,NsDqc7
Emyle,Danzelman,16 Warbler Court,Port Saint Lucie,FL,34985,772-385-2136,edanzelman1k@barnesandnoble.com,UEWW232D
Ginny,Izkovitz,73 Kenwood Circle,Schaumburg,IL,60193,312-526-0078,gizkovitz1l@github.com,QidWaI7ymUMU
Olva,Duggon,20 Mayer Drive,Corpus Christi,TX,78475,361-883-5754,oduggon1m@elegantthemes.com,dSLfoQde
Reade,Godilington,4223 1st Terrace,Durham,NC,27705,919-682-3983,rgodilington1n@rakuten.co.jp,CSVZPa
Torie,Bromhead,39185 Cardinal Alley,New York City,NY,10090,212-996-1135,tbromhead1o@infoseek.co.jp,r7byiXIL
Les,Alkin,6878 Killdeer Lane,Tacoma,WA,98481,253-130-4512,lalkin1p@xinhuanet.com,0lrvccz1cHt
Gweneth,Darrow,4 Melody Alley,El Paso,TX,88546,915-309-6808,gdarrow1q@topsy.com,JbHMAMPD
Curran,Bambrick,5903 Bartillon Plaza,Washington,DC,20566,202-849-2633,cbambrick1r@nydailynews.com,JuFnIODMGS
Pansy,Meins,43 Scofield Hill,Cleveland,OH,44130,216-804-6512,pmeins1s@theatlantic.com,2jhuAp3cjG3n
Farah,Lahive,37 Forest Run Lane,Seattle,WA,98148,206-700-6066,flahive1t@upenn.edu,9F9Xr9
Fallon,Fumagall,79195 Johnson Pass,Camden,NJ,8104,856-810-0560,ffumagall1u@who.int,oFtzmGS6fc
Herb,Decker,41392 Evergreen Junction,Washington,DC,20016,202-823-1872,hdecker1v@google.ca,AAgs3jko
Yetty,Kilcoyne,7 Maple Road,Harrisburg,PA,17121,717-680-0442,ykilcoyne1w@technorati.com,1fQPh9R
Jenny,Pocknoll,55588 Everett Hill,Stamford,CT,6905,203-530-4511,jpocknoll1x@mlb.com,fhOGiNwXVU
Blondell,Arbuckel,1127 Texas Center,Charleston,SC,29403,843-650-2057,barbuckel1y@nbcnews.com,tHS4SDArw60
Maiga,Wincott,595 Monterey Parkway,Philadelphia,PA,19093,215-282-1293,mwincott1z@goo.ne.jp,MmXaFXEml7z3
Ronna,Perkin,2001 Truax Way,Pasadena,CA,91131,626-834-2399,rperkin20@wisc.edu,4C6UiaRr0I
Bonni,Melbert,30426 Helena Alley,Saint Petersburg,FL,33715,727-892-7176,bmelbert21@goodreads.com,hMXmYD4E
Teddie,Thurnham,6425 Hayes Junction,Camden,NJ,8104,856-188-9728,tthurnham22@yelp.com,SWz4hWhLqT8
Edik,McGinley,689 Mallard Park,New York City,NY,10029,917-290-9824,emcginley23@csmonitor.com,i4RYoF
Nanine,Tchir,192 Basil Junction,Arvada,CO,80005,303-234-5249,ntchir24@businessweek.com,XNegNWKitdcX
L;urette,Roughsedge,6952 Warner Center,El Paso,TX,79911,915-541-3052,lroughsedge25@statcounter.com,YiNn3a
Norby,Oldred,3 Waubesa Lane,Trenton,NJ,8638,609-689-8081,noldred26@google.co.uk,lATJBVkinEwb
Piotr,Alvaro,7 Cody Trail,Troy,MI,48098,248-471-9798,palvaro27@cloudflare.com,PeBbK3NJAJGu
Palm,Kuhnhardt,0 Warbler Center,Norfolk,VA,23551,757-626-3271,pkuhnhardt28@auda.org.au,xaOV6zWQ1jxY
Allie,Gatman,6 Elgar Park,Miami,FL,33233,786-587-0633,agatman29@flickr.com,xlH7gvJc5Xj
Collen,Draper,25999 Coolidge Avenue,Fort Lauderdale,FL,33305,954-877-1504,cdraper2a@wikimedia.org,A7HFwC0v
Jacklyn,Costa,52670 Gina Road,Charlotte,NC,28272,704-124-3509,jcosta2b@bigcartel.com,yawAkmFwVFxy
Hanson,Avrashin,36663 Lyons Terrace,Aurora,CO,80015,720-948-8751,havrashin2c@unesco.org,bR9df9Ednga8
Sandra,Crowden,7 Butternut Alley,Frederick,MD,21705,240-231-1015,scrowden2d@i2i.jp,KvEgeb6qZZ8s
Walden,Housecraft,3174 Tennessee Alley,New York City,NY,10110,646-628-2582,whousecraft2e@chronoengine.com,sY7FjAYWcxM
Idalia,Scantleberry,97 Basil Road,Fresno,CA,93786,559-288-2438,iscantleberry2f@amazon.com,3g9Cowr0
Jaimie,De Freyne,47061 Pawling Trail,Los Angeles,CA,90071,626-421-3348,jdefreyne2g@pinterest.com,o5LdM7Zh
Guillermo,Pickaver,525 Carpenter Street,Albuquerque,NM,87201,505-510-5681,gpickaver2h@booking.com,BTmpGGSgrzt2
Leonidas,Bowskill,6018 Stone Corner Crossing,Philadelphia,PA,19125,215-112-4500,lbowskill2i@cnn.com,HyDLAJ
Elisabet,Woodrough,7 Hudson Alley,Lansing,MI,48930,517-362-6934,ewoodrough2j@google.co.jp,l2amnP1bj
Tris,Stocks,3286 Columbus Park,Cedar Rapids,IA,52405,319-411-0539,tstocks2k@usa.gov,xQkSHWWzvG
Omar,Lashley,22411 Algoma Place,Greensboro,NC,27415,336-971-2055,olashley2l@weather.com,UJvkyttl8
Merrick,Simeone,16 Shelley Avenue,Kansas City,MO,64142,816-801-5874,msimeone2m@newyorker.com,CZdlt34p
Norris,Northridge,6 Park Meadow Park,Saint Petersburg,FL,33742,727-794-2787,nnorthridge2n@sourceforge.net,OphSngVFTbSN
Lucinda,Bettesworth,68195 Rigney Center,Washington,DC,20540,202-174-0352,lbettesworth2o@timesonline.co.uk,RYwQ6z9t6
Eamon,Batchelar,76995 Old Shore Drive,Los Angeles,CA,90020,626-892-5154,ebatchelar2p@ft.com,XkvmJsbqsQ3
Eudora,Kilty,1111 Truax Court,Monticello,MN,55590,763-710-8908,ekilty2q@histats.com,R1iIcsbA
Issie,Mafham,82672 Randy Pass,Madison,WI,53710,608-731-0113,imafham2r@sciencedaily.com,SkqCD4TKs
Ettore,Rockingham,6 Boyd Center,Roanoke,VA,24014,540-195-1120,erockingham2s@senate.gov,T91U47Mbnny
Cesar,Bernardino,645 Burning Wood Lane,Lincoln,NE,68531,402-188-0526,cbernardino2t@gmpg.org,BTFbtGB4T
Darill,Ferronet,2 Everett Parkway,Saint Petersburg,FL,33742,727-141-6247,dferronet2u@goo.gl,Wj7o5kARcW
Elisabeth,Shiel,7 Rusk Way,Springfield,IL,62718,217-410-3293,eshiel2v@sun.com,Twuzmaq
Rochella,Boswell,2912 American Road,Sioux Falls,SD,57188,605-650-7308,rboswell2w@arizona.edu,fFE6RkUX6PYp
Sorcha,MacCaughey,32219 Oak Junction,Littleton,CO,80127,303-198-8574,smaccaughey2x@unicef.org,zgxaht
Ganny,Betke,2804 Manitowish Hill,Charleston,WV,25331,304-997-9023,gbetke2y@livejournal.com,poYcbw16
Kristal,Westpfel,0 Crownhardt Hill,San Diego,CA,92191,619-500-9294,kwestpfel2z@myspace.com,fGi4bN
Obadias,Catherall,8 Sheridan Avenue,New Orleans,LA,70174,504-831-3645,ocatherall30@about.me,JFQx8b1AOD
Joell,Hurton,08 Sherman Place,Phoenix,AZ,85025,623-644-7558,jhurton31@vkontakte.ru,gwIkvtPD
Chancey,Janczyk,0 Gina Way,Kansas City,MO,64109,816-503-5603,cjanczyk32@huffingtonpost.com,8b3fTtdj
Bernice,Hallad,6001 Buhler Court,Huntsville,TX,77343,936-556-7987,bhallad33@statcounter.com,90XE4y
Nicholas,Williscroft,5 Londonderry Alley,Dallas,TX,75353,214-215-6874,nwilliscroft34@flickr.com,Kgk71qH8v
Cornelius,Scrowton,92 Steensland Park,Seattle,WA,98148,206-964-5598,cscrowton35@amazon.de,hgP20go
Eldredge,MacKnockiter,3711 Stoughton Junction,Dallas,TX,75287,469-519-8132,emacknockiter36@list-manage.com,YQgyfK
Patsy,MacAlister,88810 Delladonna Parkway,Portsmouth,NH,214,603-434-7479,pmacalister37@tripod.com,OqIsi1q
Elsy,Labro,6 Rusk Pass,Wilkes Barre,PA,18763,570-821-2145,elabro38@oakley.com,EzRIhPS
Adams,Skowcraft,09 Carpenter Point,Kingsport,TN,37665,423-149-8097,askowcraft39@aol.com,idtpJyyDu
Darda,Normanton,0 Old Shore Terrace,Austin,TX,78744,512-260-6322,dnormanton3a@geocities.jp,EL8p3OVal
Olin,Crilley,4310 Northview Junction,Katy,TX,77493,832-537-1329,ocrilley3b@about.com,7PMQQCXS3O6
Zola,Armytage,7 Esch Place,San Diego,CA,92121,858-957-2389,zarmytage3c@chronoengine.com,ljzSEAw
Oliy,Nehl,405 Vidon Terrace,Silver Spring,MD,20910,202-710-2507,onehl3d@netlog.com,kAJbAruM93Rp
Flo,Jay,2 Porter Circle,Pensacola,FL,32526,850-583-9043,fjay3e@marriott.com,az1gNA
Connie,Doyley,4803 Ohio Way,Phoenix,AZ,85072,602-109-8301,cdoyley3f@themeforest.net,bWVXjF5GUX
Kit,Danjoie,98240 Blue Bill Park Avenue,Reston,VA,22096,571-471-7390,kdanjoie3g@shareasale.com,Ga2OAkz
Vilhelmina,Bettles,26 Fairview Lane,Los Angeles,CA,90101,213-636-8380,vbettles3h@mozilla.org,Nj36B2nsI
Gusta,Ebbrell,44 Gina Park,Tampa,FL,33694,813-476-8672,gebbrell3i@ibm.com,PL5oY7c
Wolfie,Baumer,7132 Elmside Junction,San Francisco,CA,94147,415-428-5749,wbaumer3j@liveinternet.ru,gnQhB9
Kori,O'Hingerty,8086 Hanover Road,Washington,DC,20425,202-145-9311,kohingerty3k@vk.com,nlnPJM
Orazio,Ansell,92 Gale Crossing,Lake Worth,FL,33467,561-927-5503,oansell3l@howstuffworks.com,mSuzMX1WRU
Ardelle,Ucceli,40551 Jay Court,Las Vegas,NV,89130,702-177-7854,aucceli3m@thetimes.co.uk,DA09tMmKpgz
Archer,Creighton,52 Shelley Street,Kansas City,MO,64109,816-402-2394,acreighton3n@infoseek.co.jp,7lUcefCi7fGg
Wait,Ofer,02 Elka Alley,Macon,GA,31217,478-117-4451,wofer3o@aboutads.info,oWVFp36ld53
Terri,Hunnaball,59 Schlimgen Court,Pensacola,FL,32505,850-674-0316,thunnaball3p@fema.gov,ILDdgjbAI
Waldon,Ilewicz,6 Ohio Parkway,Rochester,NY,14614,585-341-4144,wilewicz3q@rakuten.co.jp,FjYlu8wggz
Del,Le Floch,2 Waywood Circle,San Angelo,TX,76905,325-786-9013,dlefloch3r@dedecms.com,BqhDZp4k
Shandie,Haryngton,068 Hanover Lane,Newport News,VA,23612,757-655-1585,sharyngton3s@go.com,2Vcsje5ZD
Hubie,Gadsby,9018 Browning Pass,Saint Petersburg,FL,33731,727-285-7888,hgadsby3t@state.tx.us,1f9q0xGs
Darby,Golden of Ireland,29 Anhalt Lane,San Diego,CA,92115,619-396-7298,dgoldenofireland3u@yelp.com,Aogo5Ipdj
Janifer,Benedek,9 Magdeline Junction,Des Moines,IA,50305,515-265-9660,jbenedek3v@pen.io,3BQQKc
Wiatt,Pithie,3138 Montana Lane,Colorado Springs,CO,80935,719-471-5349,wpithie3w@ed.gov,aliPGs
Maurise,Minards,7 Talisman Junction,San Diego,CA,92165,619-816-3736,mminards3x@cnbc.com,7zTOpGvsv
Vanya,Congreve,6 Sunbrook Point,Phoenix,AZ,85067,602-573-0557,vcongreve3y@fema.gov,Cy4fxGo
Brantley,Huxton,016 Debra Plaza,Honolulu,HI,96810,808-765-2578,bhuxton3z@google.fr,5Xs58hEtlDcN
Hilarius,Dashper,12189 Morrow Lane,Columbia,SC,29215,803-965-1523,hdashper40@youtu.be,gI4FMWJ
Darby,Dennerley,08 Summit Alley,Carlsbad,CA,92013,760-840-5743,ddennerley41@imageshack.us,luEea9mGJST8
Mommy,Mouatt,64 Blackbird Plaza,Washington,DC,20456,202-760-9503,mmouatt42@census.gov,WPL3QqlOfmvX
Zacherie,Spenclay,1968 Mallory Park,Canton,OH,44705,330-996-6787,zspenclay43@census.gov,9JPYir37
Crin,Iwanicki,49139 Oakridge Point,Fort Lauderdale,FL,33355,754-807-9168,ciwanicki44@nasa.gov,8xkovDlC1l
Almeria,Guildford,7544 Cambridge Way,Memphis,TN,38114,901-315-4842,aguildford45@joomla.org,6E8zq6
Francine,Oneile,435 Homewood Plaza,Evansville,IN,47737,812-729-7160,foneile46@ft.com,gBFu9VuqfaH
Glenda,O' Concannon,370 Esker Center,San Francisco,CA,94126,415-523-1392,goconcannon47@blogger.com,Yzc4UtZtnU
Chick,Daton,13131 Erie Drive,San Antonio,TX,78230,210-538-6665,cdaton48@blogger.com,M2zxmS4Xi
Hyatt,Vanichev,2204 Oxford Court,New York City,NY,10165,212-179-5636,hvanichev49@mediafire.com,ZkpxBElJp
Salem,McLewd,3 Vermont Pass,Virginia Beach,VA,23464,757-477-3789,smclewd4a@cornell.edu,Pc8qA2d855w
Wilona,Southard,5 Superior Junction,Anchorage,AK,99599,907-659-1384,wsouthard4b@ebay.com,uU7pnxO
Lindy,Pepperell,8 Waxwing Street,Youngstown,OH,44505,330-647-9579,lpepperell4c@ovh.net,rAfsvpqO
Brian,Clendinning,8 Becker Lane,Phoenix,AZ,85062,602-172-8836,bclendinning4d@rakuten.co.jp,rWP0dAII
Ardine,Cleever,3 Valley Edge Parkway,Chesapeake,VA,23324,757-692-9430,acleever4e@pagesperso-orange.fr,yQMrZ0
Kit,Bricket,01 Basil Place,El Paso,TX,79994,915-592-3907,kbricket4f@phpbb.com,x92kG3rh
Sherwynd,Hargess,9 Kensington Center,San Jose,CA,95155,408-893-7761,shargess4g@abc.net.au,V14EP9jEs
Misti,Bagby,61 Ilene Avenue,Columbia,SC,29240,803-259-6877,mbagby4h@smh.com.au,JIiRfl
Jasun,Bernollet,31 Anderson Road,Atlanta,GA,31136,404-172-8856,jbernollet4i@rakuten.co.jp,LI6NYx
Glynis,Cammiemile,0093 3rd Way,Dallas,TX,75277,214-746-6222,gcammiemile4j@freewebs.com,ze8EqVQl
Brian,Crofthwaite,53881 Duke Center,Evansville,IN,47747,812-744-0020,bcrofthwaite4k@google.com.br,0iSs78
Juliane,Gremain,59579 Hagan Circle,Mobile,AL,36628,251-516-1842,jgremain4l@typepad.com,rHbxPuRP
Elbertina,Kuzemka,7 Dryden Way,Birmingham,AL,35285,205-353-0672,ekuzemka4m@google.ru,pHL63k2o
Hewet,Gowan,571 Kings Parkway,Young America,MN,55551,952-897-6450,hgowan4n@dot.gov,B3J3KO3jW1fg
Jacquelynn,Duerden,1690 Oakridge Way,Bryan,TX,77806,979-507-0318,jduerden4o@skyrock.com,MvdSfH9Mzl
Albie,Laurand,4 Hoepker Hill,Orange,CA,92668,858-686-2695,alaurand4p@nsw.gov.au,4q5yZx
Pieter,Ellin,7 Judy Parkway,Washington,DC,20414,202-432-7856,pellin4q@1und1.de,X7QnqwDGMNx
Rik,Swalwell,111 Hintze Trail,Charleston,WV,25336,304-754-8388,rswalwell4r@weibo.com,z56S4y
Sayre,Soot,3953 Calypso Alley,New York City,NY,10280,347-117-5194,ssoot4s@irs.gov,lcduu2s7WzHM
Claudian,Hoffmann,18 Summer Ridge Lane,Providence,RI,2912,401-115-6997,choffmann4t@opensource.org,GviuhK8tTT
Maxi,Itschakov,0009 Heath Crossing,Montpelier,VT,5609,802-756-4768,mitschakov4u@toplist.cz,6h25f8P4
Kennan,Ruddy,47331 Scoville Plaza,Irving,TX,75037,214-451-9727,kruddy4v@tripadvisor.com,rpA0QffN0P4p
Filippo,Talkington,810 Cody Plaza,Canton,OH,44705,330-923-8046,ftalkington4w@google.com,vQXnZz4msmB
Myrtie,Tures,1 8th Drive,Louisville,KY,40256,502-178-9520,mtures4x@kickstarter.com,TDrWFTFAV
Isa,Keuning,38239 Hallows Parkway,Mc Keesport,PA,15134,412-533-6853,ikeuning4y@wiley.com,SdLFOP8Ug
Karleen,Rowler,4574 Veith Crossing,Lake Worth,FL,33462,561-990-3737,krowler4z@miibeian.gov.cn,VCe0p2yfZDOF
Nikola,Riddle,9710 Oriole Avenue,Rochester,NY,14609,585-775-9956,nriddle50@bing.com,BGdRzTQ
Kattie,L'oiseau,661 Ruskin Parkway,Spring,TX,77388,713-170-9427,kloiseau51@qq.com,T7IoObouxg
Blanca,Martelet,1 5th Pass,Cincinnati,OH,45243,513-724-0467,bmartelet52@apache.org,eVzwtJv1ZOJ2
Eugenie,Hamson,781 Westport Road,San Antonio,TX,78260,830-359-0283,ehamson53@arizona.edu,crxDeFmjAv
Cordy,O'Cooney,44 Evergreen Street,Tyler,TX,75710,903-829-2690,cocooney54@nih.gov,FTjLUM1asQBA
Aprilette,Benmore,5714 Porter Court,Washington,DC,20268,202-959-3423,abenmore55@devhub.com,JLfXoHqTD
Toby,Rebert,5098 Bashford Pass,Charleston,WV,25362,304-814-9342,trebert56@google.pl,ehQhHXjE2
Myles,Aberhart,65232 Waxwing Pass,Memphis,TN,38131,901-838-7906,maberhart57@nydailynews.com,xkHxfaS2f
Luca,Romanski,71208 Tony Street,New York City,NY,10160,212-553-3937,lromanski58@alexa.com,CxK4tMz8gHF9
Harriet,Liffey,4 Anthes Lane,Jacksonville,FL,32204,904-161-2898,hliffey59@go.com,Az9bYFCf
Kimmi,Emney,9 Charing Cross Crossing,Washington,DC,20535,202-890-7810,kemney5a@goo.gl,siKuajKtmXd
Griff,Keener,3 Old Gate Park,Laredo,TX,78044,956-529-1886,gkeener5b@symantec.com,NFw2pZC8T4
Spense,Ambrodi,540 Manufacturers Court,Minneapolis,MN,55423,218-266-2203,sambrodi5c@tinypic.com,sg1n3zj9rLLy
Jarvis,Luparto,297 Sunnyside Lane,Oklahoma City,OK,73104,405-928-9410,jluparto5d@livejournal.com,RJhKxTY4Lt
Elyse,Palfreyman,86210 Merry Circle,Alexandria,VA,22333,571-247-6775,epalfreyman5e@odnoklassniki.ru,nI9lWC
Rozalie,Tootal,994 Loftsgordon Hill,San Angelo,TX,76905,325-720-4347,rtootal5f@tmall.com,nfxiFZT
Mufi,Golt,157 Derek Trail,Orange,CA,92668,858-568-0856,mgolt5g@youtube.com,REsF9o8m
Percival,Brookhouse,45 Fair Oaks Center,Jamaica,NY,11499,212-829-4928,pbrookhouse5h@google.co.uk,3SKk11XqZFp
Aleksandr,Crosham,2 Oriole Park,Lafayette,LA,70593,337-361-0793,acrosham5i@princeton.edu,ZwQTjIwNcEx
Arabele,Penley,9246 Vera Street,New Orleans,LA,70183,504-140-0633,apenley5j@prlog.org,1IiO1KVP3ZQ
Brucie,Espie,67 Crescent Oaks Parkway,Waterbury,CT,6726,203-864-0512,bespie5k@wikipedia.org,14jP1FyjdCGJ
Nikki,Geale,8 Starling Drive,Albuquerque,NM,87180,505-313-6087,ngeale5l@google.nl,UvVS97z83
Guillema,Matiashvili,43228 Old Gate Pass,Largo,FL,34643,727-208-9867,gmatiashvili5m@adobe.com,iIZzwUNUEvt4
Lexi,Golland,46 Tennyson Park,Chattanooga,TN,37450,423-371-6099,lgolland5n@ebay.co.uk,htcQh4
Marketa,Bamblett,6170 Lyons Hill,Santa Monica,CA,90410,310-447-2105,mbamblett5o@aboutads.info,l4e43FP3C
Temp,Shepard,3 Tony Court,Scranton,PA,18514,570-424-8096,tshepard5p@netvibes.com,Zv9gMHV9cf1O
Coreen,Epperson,6 Lyons Center,Fort Worth,TX,76121,817-546-4824,cepperson5q@spotify.com,brdaQCn8DV
Frasco,Dishmon,3060 Bay Center,Marietta,GA,30061,770-300-2282,fdishmon5r@topsy.com,HcIyir4a
Amalie,Grills,33811 Melody Junction,Houston,TX,1.00E+02,979-978-2430,agrills5s@google.de,h53TnvJk
Gardie,Guise,301 Mitchell Avenue,Tempe,AZ,85284,602-896-6655,gguise5t@deliciousdays.com,3HVuc7eO
Charmian,Seamen,7 Elka Crossing,Dallas,TX,75216,469-140-7273,cseamen5u@epa.gov,83GR0hV9sx
Nettie,Hentzeler,63 Oakridge Court,Chicago,IL,60604,224-966-1467,nhentzeler5v@europa.eu,fTtVQHaK
Adda,Welfare,77511 Brentwood Avenue,Syracuse,NY,13210,315-102-5882,awelfare5w@cpanel.net,MNbRyf
Woodman,Naisbit,1 Dahle Center,Mobile,AL,36616,251-751-3853,wnaisbit5x@imgur.com,WahoGwnuEaR
Benyamin,Aberchirder,5561 Mendota Alley,Oklahoma City,OK,73129,405-319-8937,baberchirder5y@blogspot.com,9AD7EwptKNSC
Cobb,Tipton,965 Shasta Way,Washington,DC,20268,202-967-3275,ctipton5z@nifty.com,nLQYuAiP5K
Perrine,Feldfisher,15 Green Ridge Circle,Houston,TX,77065,281-429-9491,pfeldfisher60@jimdo.com,q3IwGuPTwFK
Madeline,McAllen,25 Morningstar Avenue,Yakima,WA,"""""",509-310-3206,mmcallen61@taobao.com,TjCfC4
Kerri,Wasmuth,0155 Banding Court,Santa Barbara,CA,93106,805-168-7347,kwasmuth62@dagondesign.com,dyKAAu
Vanny,Salerno,7 Anniversary Junction,Staten Island,NY,10310,718-866-1217,vsalerno63@ifeng.com,14qGrwyr
Emili,Eversfield,50844 Moland Pass,Orange,CA,92867,949-997-0151,eeversfield64@freewebs.com,NX8UrOz7Q4id
Fin,Camili,9039 Pennsylvania Point,Paterson,NJ,7544,862-505-5116,fcamili65@si.edu,EpHzFZll
Carmina,Backshaw,3891 Kropf Pass,Corona,CA,92883,626-487-8208,cbackshaw66@scribd.com,8bmuOaF695zH
Wylie,Brittan,2 Grasskamp Terrace,Tucson,AZ,85754,520-976-0188,wbrittan67@bloglines.com,Ve2ipvA7Q
Helge,Roskams,1 Huxley Crossing,Ventura,CA,93005,805-110-1451,hroskams68@tinypic.com,6wxlwuW2MX
Nanon,Yakebovich,80 Sherman Park,Seattle,WA,98158,206-931-5399,nyakebovich69@upenn.edu,EtoeiJ
Johnette,Thwaites,038 Marcy Lane,Tulsa,OK,74141,918-879-1562,jthwaites6a@goo.gl,ERwT3O3Xb
Cherilyn,Fearnley,4552 Westerfield Junction,Amarillo,TX,79188,１２３,cfearnley6b@sohu.com,lPcaIYGjRI
Aguie,Woolaston,26016 Riverside Drive,San Antonio,TX,78285,210-952-0946,awoolaston6c@ebay.com,IwJ2UX
Roth,Willas,60697 Dayton Lane,Lake Charles,LA,70616,337-560-8597,rwillas6d@dedecms.com,pNwa93D
Marcie,Warburton,10135 Calypso Lane,Washington,DC,20005,202-484-0964,mwarburton6e@mashable.com,GuRuymJu
Jeanna,Swateridge,3 Clarendon Circle,San Jose,CA,95113,650-948-9759,jswateridge6f@nps.gov,Qh8xQdeHFiPu
Wilfred,Millican,63588 South Junction,Sacramento,CA,95852,916-328-2155,wmillican6g@ftc.gov,AC3DBHIZ0
Josephina,Toller,101 Stephen Way,Springfield,OH,45505,937-776-9525,jtoller6h@mac.com,FbI3QiPy
Ware,Benitez,214 Coolidge Street,Honolulu,HI,96805,808-445-7503,wbenitez6i@ehow.com,mQ3Ctz5c
Marcos,Lyenyng,45 New Castle Alley,Largo,FL,33777,727-851-1190,mlyenyng6j@buzzfeed.com,NMmdM1DOuZ3
Tonnie,Brimmicombe,806 Dottie Pass,Springfield,IL,62705,217-377-5833,tbrimmicombe6k@patch.com,gTOjIeYj677U
Angelia,Murrhaupt,48121 Judy Circle,Tyler,TX,75710,903-785-7729,amurrhaupt6l@purevolume.com,8MOGCIdmprAD
Jayson,Stagg,57 Vernon Alley,Richmond,VA,23272,804-722-5916,jstagg6m@friendfeed.com,jZFqPKn
Sheilah,Trengrouse,4427 American Ash Avenue,Philadelphia,PA,19184,215-384-9260,strengrouse6n@bravesites.com,eY6euW7p
Sallie,Brogiotti,11 Dwight Trail,Milwaukee,WI,53210,262-340-5419,sbrogiotti6o@omniture.com,GHa6obT0S4ip
Frieda,MacAughtrie,36255 Melrose Plaza,Bellevue,WA,98008,206-861-1242,fmacaughtrie6p@imageshack.us,1VXQCFI
Row,Barzen,7 Reinke Terrace,Silver Spring,MD,20918,240-792-8242,rbarzen6q@homestead.com,NiAC05vX
Tarrah,Holdforth,9 Summer Ridge Drive,Louisville,KY,40225,502-429-7545,tholdforth6r@bigcartel.com,PsdxzK
Hanan,Smardon,17 Emmet Pass,Billings,MT,59105,406-420-7773,hsmardon6s@amazon.co.uk,ffLwuu
Flossy,Wafer,3766 Atwood Court,Conroe,TX,77305,936-676-4760,fwafer6t@altervista.org,ivIVDv
Wake,Varsey,37393 Ramsey Place,Portland,OR,97211,503-265-6315,wvarsey6u@360.cn,JvGDlWc
Shane,Papa,65 Russell Plaza,Washington,DC,20540,202-301-1624,spapa6v@bravesites.com,C9AorbB
Marinna,Fowley,754 Bluejay Alley,Austin,TX,78769,512-550-6108,mfowley6w@ft.com,yuPIX04y
Meridel,Durbin,43723 Gulseth Pass,Silver Spring,MD,20910,202-352-9487,mdurbin6x@edublogs.org,SLGXckjhdSH
Verne,Nolder,9 Portage Court,Peoria,IL,61640,309-409-8921,vnolder6y@zdnet.com,OKBoL8
Culver,Fetherston,94 Gina Plaza,Memphis,TN,38119,615-911-4454,cfetherston6z@chron.com,YLujEnHirzn
Cristine,Pargent,489 Eastwood Hill,Gainesville,FL,32605,352-169-3605,cpargent70@netlog.com,RqQhhxg6C
Saunder,Gapp,1 Old Gate Junction,Arlington,TX,76016,713-579-8672,sgapp71@hubpages.com,9tnJPYfCA
Bern,Weyman,30 Oak Drive,Washington,DC,20525,202-914-0408,bweyman72@paginegialle.it,feyQlK6M
Merline,Coots,17 Old Shore Pass,White Plains,NY,10606,845-573-2746,mcoots73@fc2.com,PB9jKFIrPsun
Fee,Esilmon,5384 Hanover Center,Los Angeles,CA,90025,424-962-6135,fesilmon74@delicious.com,UFt4Q1bz
Huey,Sey,2255 Pennsylvania Circle,Minneapolis,MN,55470,612-741-8061,hsey75@ftc.gov,gSbxYj7kb1
Shanan,Gosland,8 Pennsylvania Pass,Aurora,CO,80045,303-503-1162,sgosland76@networksolutions.com,NkXLRNjP20
Alyss,Belford,44367 Bunting Circle,Miami,FL,33164,786-614-4455,abelford77@hhs.gov,dk5AKJ
Antoinette,Hebblethwaite,766 Sunbrook Trail,Huntington,WV,25711,304-510-1738,ahebblethwaite78@usda.gov,x88Hai56q
Rouvin,Yakuntsov,0 Talisman Crossing,Washington,DC,20051,202-411-5815,ryakuntsov79@java.com,Z4p93BIh
Deva,Spours,29795 Crescent Oaks Trail,Nashville,TN,37245,615-161-9472,dspours7a@google.it,DT7zVbmLKVh
Bria,Kivelhan,22 Mockingbird Park,Atlanta,GA,31190,404-236-2722,bkivelhan7b@blog.com,YmrrfJcs
Berkeley,Wyndham,3 Summit Hill,Buffalo,NY,14263,716-103-2844,bwyndham7c@constantcontact.com,CXaMLjLMy
Ingemar,O'Cridigan,77682 Doe Crossing Pass,Sterling,VA,20167,571-415-3020,iocridigan7d@joomla.org,9U0HnqfpZm
Mallissa,Trytsman,7 Debs Hill,Milwaukee,WI,53220,414-730-9961,mtrytsman7e@reverbnation.com,XS0dLzE9gqvg
Margot,Ayris,746 Morningstar Avenue,Erie,PA,16550,814-280-1220,mayris7f@people.com.cn,8fSWPXgqn
Walt,Espina,67 Beilfuss Place,Atlanta,GA,31190,404-754-4863,wespina7g@yellowpages.com,l7Nv7o3
Jackquelin,Earingey,28 Mandrake Crossing,Columbus,OH,43268,614-603-5208,jearingey7h@google.co.jp,yr5qxj8GR
Greta,Cornhill,95 Dovetail Drive,Brooklyn,NY,11220,718-443-7098,gcornhill7i@home.pl,XQ6W2Cc
Joete,Room,0551 Scofield Avenue,Seattle,WA,98121,253-896-7444,jroom7j@mashable.com,7B8Qn1DQlPT
Minetta,Sylett,48 West Point,Chicago,IL,60652,773-763-6992,msylett7k@ameblo.jp,gZWMlyhD0Us
Rowen,Sherebrook,1 Stuart Place,Philadelphia,PA,19172,215-908-4815,rsherebrook7l@networkadvertising.org,ovhYr5Cuff0
Carin,Stilliard,51 Ruskin Road,Charlotte,NC,28278,704-439-9311,cstilliard7m@about.com,MMYvwu8
Carine,Madre,62 Chive Terrace,Arlington,VA,22234,571-225-2660,cmadre7n@bluehost.com,aWEzSWGiEy
Marty,Allbon,313 Tennyson Place,Raleigh,NC,27626,919-772-7678,mallbon7o@businesswire.com,vyNq446l5Oa5
Vaughn,Crofts,8 Carberry Street,Anchorage,AK,99599,907-468-0891,vcrofts7p@nasa.gov,o6n1oBx
Beatrisa,Spurriar,40 Dorton Hill,Atlanta,GA,30343,404-373-7733,bspurriar7q@t-online.de,6YFak5hTdiPr
Arie,Swate,9 Fremont Place,Largo,FL,33777,727-939-9157,aswate7r@opensource.org,Qkaaje96u
Nester,Voelker,2852 Maryland Court,Waltham,MA,2453,978-202-8533,nvoelker7s@blogger.com,ShPLeY6IP8t
Terencio,Salzberg,8623 Dwight Circle,Evansville,IN,47719,812-852-8811,tsalzberg7t@newyorker.com,ceevGKbDuu2Y
Crissie,Tacon,8953 Lien Avenue,Torrance,CA,90505,310-561-9596,ctacon7u@uiuc.edu,ZotJra8Dwd
Myrtice,Dargavel,765 Ruskin Pass,Philadelphia,PA,19146,267-663-5106,mdargavel7v@forbes.com,IOFgaWd0
Sloan,Spurgin,45074 Aberg Alley,Aurora,IL,60505,331-571-3127,sspurgin7w@unblog.fr,K1wdJzp
Brande,Carlisso,526 Macpherson Lane,Nashville,TN,37210,615-758-2376,bcarlisso7x@mlb.com,gBIDcvIeWRzJ
Willy,Volett,318 Fallview Crossing,Arlington,VA,22234,571-195-6010,wvolett7y@instagram.com,kSZX3bPghQwn
Thaddus,Clench,05423 Goodland Terrace,Sacramento,CA,94286,916-575-4089,tclench7z@technorati.com,gmuIWOx
Avie,Riddel,071 Towne Point,Topeka,KS,66699,785-456-8108,ariddel80@yale.edu,MynwfKFhgoR5
Marguerite,Arney,01 Iowa Drive,Murfreesboro,TN,37131,615-961-7599,marney81@state.gov,NpWpWL
Rahel,Cumberland,1 New Castle Center,Tampa,FL,33661,813-658-1443,rcumberland82@columbia.edu,lO2XR2fdj
Hall,Vernazza,32270 Beilfuss Hill,Minneapolis,MN,55487,612-657-7329,hvernazza83@ustream.tv,mPAbVo69ogIk
Melly,Dmytryk,04784 Laurel Hill,Englewood,CO,80150,303-729-1974,mdmytryk84@cloudflare.com,OrGG7M
Janessa,Pomphrett,7760 Mifflin Circle,Denver,CO,80249,720-163-2898,jpomphrett85@noaa.gov,c0yoM3MS
Sissie,Venour,39171 Reinke Trail,Indianapolis,IN,46202,317-552-9803,svenour86@un.org,tBIDJ47QPM
Clemmy,Keitch,0106 Vernon Avenue,Lake Worth,FL,33462,561-228-6865,ckeitch87@marketwatch.com,pBmvVWSJf
Morris,Dundendale,1914 Raven Park,Aurora,CO,80044,303-831-5373,mdundendale88@newyorker.com,yDRrgq0VITW
Emmalynne,Mortel,9 Paget Parkway,Portland,OR,97232,503-821-8735,emortel89@ucoz.com,9qxYNnCOXW
Morie,Braunston,55438 Duke Point,Birmingham,AL,35225,205-223-5322,mbraunston8a@cpanel.net,ugwSSC
Burch,Bastard,801 Grover Road,Portland,OR,97271,971-181-9901,bbastard8b@bbc.co.uk,XPAzUXbbB
Elbert,Goodswen,5 Northwestern Plaza,Salt Lake City,UT,84152,801-779-6817,egoodswen8c@archive.org,rf9AnfLoy
Andi,Stathor,8716 Graceland Crossing,Carlsbad,CA,92013,760-111-1116,astathor8d@reddit.com,Z4OQSG9ijE
Bianca,Conkey,90 Kings Lane,Brooklyn,NY,11215,917-291-2443,bconkey8e@cyberchimps.com,GXHndLTexB
Burnaby,Rimell,4 Sheridan Lane,Provo,UT,84605,801-461-9507,brimell8f@nature.com,IgNBW7xyuNY
Jakie,Handy,7 Main Terrace,Hartford,CT,6105,203-895-8131,jhandy8g@nytimes.com,cveeFlI
Alf,Rumney,494 Jenifer Park,Houston,TX,77010,281-997-8362,arumney8h@phpbb.com,LxGEXOP
Brianne,Danilenko,31848 Eastlawn Crossing,Los Angeles,CA,90055,213-900-1358,bdanilenko8i@reuters.com,0tYfhiGhgytV
Vachel,Torri,19 Fieldstone Place,San Antonio,TX,78205,210-959-4968,vtorri8j@adobe.com,LbNNISzND
Clair,Bettaney,9 Hanover Point,San Jose,CA,95160,408-184-4389,cbettaney8k@wisc.edu,cbEMuNMC
Gelya,Tustin,32 Melody Street,Wichita,KS,67210,316-906-5392,gtustin8l@weather.com,SdiO9ZUj6J
Gustie,Snead,0 Continental Pass,Kansas City,MO,64101,816-285-4669,gsnead8m@examiner.com,4pMdWU
Falito,Struthers,58 Harper Pass,Washington,DC,20520,202-399-6529,fstruthers8n@amazon.com,xnGKDLjM
Zorine,Valente,7458 Shopko Avenue,Lancaster,PA,17622,717-231-5511,zvalente8o@ed.gov,fktyHiRfB
Larry,Marshfield,0335 Chive Trail,Pittsburgh,PA,15266,-3392,lmarshfield8p@privacy.gov.au,SAUKb9LBs
Roxanna,Wardel,1684 La Follette Court,Memphis,TN,38126,901-994-7041,rwardel8q@creativecommons.org,rcRGvhm3RMr
De,Jouning,893 Village Alley,Huntington,WV,25709,304-748-6565,djouning8r@patch.com,trzMaWTFwUIl
Wayland,Hucke,3023 Green Ridge Drive,Memphis,TN,38168,901-738-8150,whucke8s@cnn.com,I6oBRkK4HCWE
Colan,Suatt,82278 Scofield Junction,Saint Louis,MO,63196,314-714-3771,csuatt8t@dion.ne.jp,hx46OFlA0
Hyacinthie,Glasgow,87204 Shopko Pass,Austin,TX,78721,512-402-0652,hglasgow8u@pen.io,O7ZWyLzcu
Melania,Catterall,00 Florence Avenue,Dayton,OH,45432,937-607-7223,mcatterall8v@creativecommons.org,YhBqVi0TfV
Shalom,Gooderridge,7 Esker Circle,Des Moines,IA,50393,515-538-8999,sgooderridge8w@acquirethisname.com,w6zeqB
Stepha,Klimmek,4 Buell Road,Fayetteville,NC,28314,910-730-7424,sklimmek8x@timesonline.co.uk,twggEjEb
Mike,Smullin,3141 Anzinger Trail,Roanoke,VA,24009,540-240-4932,msmullin8y@usnews.com,OWRvRPrpx
Katerina,Schimon,7381 Grim Trail,Houston,TX,77070,713-841-6597,kschimon8z@google.co.jp,HeSPDAEvX
Wiatt,Crippell,6397 Hollow Ridge Road,Miami,FL,33261,305-440-1550,wcrippell90@digg.com,3vDOOBDcTTFx
Shay,Rosberg,51656 Jana Center,Reno,NV,89505,775-471-7332,srosberg91@answers.com,2gkPVhIOpA
Thorpe,Fransson,2022 Johnson Alley,Saint Paul,MN,55172,651-339-7475,tfransson92@illinois.edu,BETUSCRh9
Larina,Meineken,00 Russell Court,Cleveland,OH,44111,216-190-0988,lmeineken93@nsw.gov.au,EmH7Y1
Liuka,Parrington,2173 Norway Maple Crossing,Plano,TX,75074,972-595-3474,lparrington94@census.gov,0zdULP3ZoS
Elvina,Febry,1 Grim Avenue,Oklahoma City,OK,73173,405-276-3443,efebry95@photobucket.com,SHhZSTG44
Sheilakathryn,Burchett,410 Sugar Road,Oakland,CA,94660,510-312-4948,sburchett96@taobao.com,sZAj3ir
Jamie,Godlee,7505 Buena Vista Park,San Francisco,CA,94142,415-180-0835,jgodlee97@blog.com,cXex2RK0xv9
Igor,Rought,48994 6th Plaza,Mesa,AZ,85210,928-407-2892,irought98@weibo.com,V7gsk0M5pVIx
Lilyan,Lamshead,4 Spohn Plaza,Los Angeles,CA,90035,310-864-0984,llamshead99@oakley.com,fwgIoc
Brooke,holmes,26979 Bluejay Avenue,Colorado Springs,CO,80940,719-799-5724,bholmes9a@answers.com,YvYcWf1o
Aldric,Blackaller,5586 Loftsgordon Terrace,Reno,NV,89550,775-289-8883,ablackaller9b@icio.us,0iyPjf
Whitney,Carnaman,47945 Boyd Point,Flint,MI,48505,810-176-0023,wcarnaman9c@sfgate.com,OnTlj3naHB
Pearle,Filpo,0 Butternut Crossing,Boca Raton,FL,33499,561-229-3960,pfilpo9d@ow.ly,brH0iVS07
Odey,Del Dello,70 Logan Lane,Edmond,OK,73034,405-777-4549,odeldello9e@sciencedaily.com,J6DASrtVxFlP
Lillis,Fellgate,53 Loeprich Hill,Philadelphia,PA,19131,215-977-7119,lfellgate9f@sciencedaily.com,EcYEAVFNSkRO
Bram,Ziemen,36110 Meadow Valley Hill,Norfolk,VA,23520,757-806-5994,bziemen9g@gov.uk,jJVpNHm9ej
Moll,Stone Fewings,2 High Crossing Plaza,Wichita,KS,67236,316-328-6811,mstonefewings9h@tiny.cc,2HERuoC7
Diena,Arnett,16894 Northwestern Place,Cincinnati,OH,45203,513-939-6003,darnett9i@miitbeian.gov.cn,MYMGCIvFIZ
Carmella,Frontczak,5 Crest Line Plaza,Winston Salem,NC,27105,336-684-9945,cfrontczak9j@nsw.gov.au,xsn5GazH
Jolene,Izakov,96 Warner Alley,Littleton,CO,80127,303-469-7598,jizakov9k@amazon.de,k3tEKaJZy
Whittaker,See,76 Fallview Terrace,Salt Lake City,UT,84199,801-174-7944,wsee9l@umich.edu,oTh01XbE
Shaina,Traher,8351 Stoughton Parkway,Fort Lauderdale,FL,33325,954-291-7544,straher9m@prnewswire.com,FZvmsU
Yoko,Janowicz,53157 5th Plaza,Milwaukee,WI,53205,920-695-6691,yjanowicz9n@about.me,wjV3xfj
Fey,Pifford,4 Magdeline Avenue,New York City,NY,10280,646-329-5602,fpifford9o@domainmarket.com,pnkQNCK
Mendel,Iacovuzzi,903 Kropf Hill,Houston,TX,77040,832-452-6888,miacovuzzi9p@slashdot.org,JFwhBhAax5
Alysia,Atwool,7140 Oriole Lane,Phoenix,AZ,85035,623-142-4605,aatwool9q@yellowpages.com,sSgWc07
Maddie,Yitzhakof,6135 Bunting Street,Denver,CO,80299,720-638-9670,myitzhakof9r@oakley.com,czSszTqKm
Yasmeen,Berzen,572 Granby Place,Atlanta,GA,30301,678-231-7501,yberzen9s@nationalgeographic.com,rPQ7qW7GzOvp
Larissa,Pidgeon,52674 Lien Pass,Indianapolis,IN,46278,317-611-5455,lpidgeon9t@dmoz.org,dX4JYgXp1
Benny,Stilldale,0 Transport Drive,Hampton,VA,23663,757-760-2859,bstilldale9u@google.it,fOyAEDrY
Suzette,Solly,0416 Glacier Hill Center,Fort Wayne,IN,46814,260-666-4111,ssolly9v@google.co.jp,fFhEgJ
Nananne,Winslade,2770 Lukken Terrace,Jefferson City,MO,65105,573-156-9119,nwinslade9w@comcast.net,e5878J
Norrie,Halbard,4385 Monterey Avenue,Des Moines,IA,50393,515-570-9269,nhalbard9x@psu.edu,LWmh8rLxvo
Katharyn,Letch,6180 Eastlawn Street,El Paso,TX,79999,915-445-8779,kletch9y@flavors.me,vHg2MAT
John,Enns,17 Rutledge Terrace,Los Angeles,CA,90071,626-142-4093,jenns9z@cmu.edu,8FerRPT
Ewart,Diboll,321 Barby Avenue,Anaheim,CA,92805,310-479-1446,edibolla0@dion.ne.jp,V09nRePl
Drucie,Theobald,3305 Havey Lane,Houston,TX,77250,713-822-3999,dtheobalda1@amazon.co.jp,KutxcyCctWW
Damiano,Snartt,1 Declaration Crossing,Washington,DC,20525,202-860-4327,dsnartta2@aboutads.info,DICq8X
Suzy,Chitham,79 Lillian Plaza,San Mateo,CA,94405,805-882-2168,schithama3@csmonitor.com,GYcT46xqi
Sigismondo,Sinson,8761 Brown Center,Pasadena,CA,91125,626-277-5728,ssinsona4@pen.io,aliIjJYii
Amelina,McGourty,0102 Dapin Drive,Garland,TX,75049,214-138-6280,amcgourtya5@theguardian.com,Y6VEvK
Fawn,Cordingly,0346 Hovde Crossing,Oakland,CA,94611,415-562-9145,fcordinglya6@elpais.com,klARkEaxjvn
Naoma,O'Garmen,29 Carberry Street,El Paso,TX,79999,915-595-5150,nogarmena7@a8.net,RPTpsvP
Quinn,Dreier,40 Carpenter Circle,El Paso,TX,79905,915-458-2020,qdreiera8@harvard.edu,ot1EywkJkEo2
Rowan,Gadson,49 Lerdahl Road,San Francisco,CA,94137,415-395-2099,rgadsona9@hp.com,QJFD3MCo
Carlin,Hugnot,2856 Fisk Hill,Los Angeles,CA,90101,213-204-6799,chugnotaa@cargocollective.com,EyB1FUnk
Deloria,Shimony,76058 Goodland Point,Fort Worth,TX,76192,682-478-7855,dshimonyab@sciencedirect.com,egASx6u
Sheridan,Ambroz,77 Hauk Park,San Diego,CA,92170,619-956-0310,sambrozac@tripadvisor.com,utbeNI5
Wayne,Danihelka,90121 Orin Trail,Knoxville,TN,37995,865-827-4717,wdanihelkaad@biglobe.ne.jp,2RRU2w
Van,Silson,2 Scoville Avenue,El Paso,TX,88519,915-321-3026,vsilsonae@msn.com,ODXoTgfC
Penrod,Ivchenko,22606 Union Drive,Toledo,OH,43666,419-507-6986,pivchenkoaf@sun.com,3HLCvtNbuH
Jameson,Sextie,807 Beilfuss Drive,Trenton,NJ,8650,609-976-7571,jsextieag@comcast.net,hUc1xEKVMU
Arlene,Legging,7 Ohio Place,Pasadena,TX,77505,713-602-2870,aleggingah@spiegel.de,fXC9kocw8e0
Luci,Syne,684 Eastlawn Circle,New Orleans,LA,70116,504-712-8668,lsyneai@usda.gov,A7ytMHPf1KEN
Shaine,Corness,042 Brickson Park Circle,Louisville,KY,40225,502-431-6700,scornessaj@nature.com,ntiOGC6HF
Francesco,Heard,890 Summerview Crossing,Dallas,TX,75265,214-736-1811,fheardak@purevolume.com,VhWZObGsy
Cherie,Taffarello,248 Bluejay Lane,Norcross,GA,30092,770-470-7916,ctaffarelloal@51.la,3BOKQYYuWp
Evita,Birbeck,80008 Fordem Terrace,Katy,TX,77493,281-592-9858,ebirbeckam@columbia.edu,zJNbJLlXxpU0
Jenifer,Gorringe,54851 Nancy Center,Omaha,NE,68197,402-849-5596,jgorringean@yahoo.com,2qbg2UW1oCQa
Izabel,Ruller,61 Fair Oaks Alley,Lincoln,NE,68524,402-796-4025,irullerao@patch.com,L4o1rSEZinB
Dorthea,Kirman,558 Katie Terrace,Youngstown,OH,44555,330-949-3061,dkirmanap@google.es,st7rVK3EqU
Melissa,Sibbit,77 Becker Lane,Salt Lake City,UT,84125,801-877-2356,msibbitaq@boston.com,JyzSKqK
Gigi,McGiffie,77 Grasskamp Street,Round Rock,TX,78682,512-470-6148,gmcgiffiear@washingtonpost.com,vsz7vt29
Isa,Kyberd,22 Mallory Alley,El Paso,TX,88530,915-916-5959,ikyberdas@reddit.com,NaTTtNbr
Onofredo,Yare,0939 Barby Circle,Los Angeles,CA,90015,213-732-0414,oyareat@photobucket.com,j8WVuZ
Donica,Drever,65 Ludington Trail,Washington,DC,20220,202-562-4009,ddreverau@npr.org,bTjVem
Alli,Wellen,8 American Junction,Appleton,WI,54915,920-644-2539,awellenav@sina.com.cn,uEjX77iFx
Swen,Blas,83999 Dwight Circle,Houston,TX,77299,713-710-1375,sblasaw@livejournal.com,stUnq5Z7Ju3
Maudie,Djekovic,255 Elmside Center,Newark,NJ,7188,862-207-9400,mdjekovicax@newsvine.com,K6lHTQ7D
Gale,Pickavance,603 Canary Trail,Montgomery,AL,36195,334-643-1920,gpickavanceay@msu.edu,2jqMxpe501
Joshia,Cranston,0196 Pine View Court,Topeka,KS,66642,785-738-9746,jcranstonaz@51.la,HBvdVJBOF6a
Maria,Gommery,945 Merchant Junction,Long Beach,CA,90847,562-307-9667,mgommeryb0@github.com,zxCKqG
Jarred,Shelmardine,5274 Fairview Junction,Madison,WI,53785,608-983-7493,jshelmardineb1@adobe.com,x8RgTDOF
Link,McAloren,9220 Russell Court,Nashville,TN,37245,615-931-6469,lmcalorenb2@123-reg.co.uk,hUYIJDaLC
Vallie,Reford,67 Eliot Court,Raleigh,NC,27690,919-120-4436,vrefordb3@sina.com.cn,p9hUTmvAR
Corinne,Skells,1 Artisan Drive,London,KY,40745,606-577-8873,cskellsb4@mail.ru,78PkaVc4
Dacie,Carleton,88 Mendota Trail,Oakland,CA,94605,510-356-7446,dcarletonb5@alibaba.com,5PMqre
Adina,Haxell,79 Anzinger Way,Austin,TX,78737,512-243-9982,ahaxellb6@sogou.com,e8aOWuRs6cbq
Bartlet,Darree,530 Barnett Junction,Washington,DC,20210,202-709-2436,bdarreeb7@wix.com,26JV0Lp
Franz,Bachanski,5512 Sheridan Plaza,Daytona Beach,FL,32123,386-594-0465,fbachanskib8@google.com.au,t60UP0v32
Jean,MacAiline,14 Bashford Point,Nashville,TN,37250,615-109-7582,jmacailineb9@usa.gov,zCEdOr
Grannie,Elsip,89187 Fulton Park,Kansas City,MO,64193,816-175-1763,gelsipba@ibm.com,kYCPNt2SN
Hedwiga,Pingston,165 1st Lane,New York City,NY,10004,646-116-7836,hpingstonbb@cnbc.com,kF4Kpd
Nils,Mathy,95165 Commercial Point,Harrisburg,PA,17110,717-873-3175,nmathybc@lulu.com,eoDXZVtnZnJP
Lucita,Franzman,603 Washington Hill,Augusta,GA,30911,706-184-8182,lfranzmanbd@bbb.org,gSmxINwD
Laura,Pinn,1457 Surrey Alley,Greensboro,NC,27499,336-598-5523,lpinnbe@marriott.com,YqkaMmlOFDOW
Levon,Huddles,5 Park Meadow Trail,El Paso,TX,79977,915-240-4415,lhuddlesbf@1688.com,XVJejRP3XOI
Mathilde,Jolliffe,20 Miller Circle,Dallas,TX,75372,214-806-9984,mjolliffebg@hostgator.com,WbyrQeOnC
Jordan,Spollen,8505 Anhalt Parkway,Birmingham,AL,35205,205-970-2228,jspollenbh@taobao.com,2tDlH2VobI
Evangelia,Batterson,97 Jenna Junction,Shawnee Mission,KS,66205,913-706-4816,ebattersonbi@tumblr.com,VC1zMLSk
Maxi,Attewell,85664 Schmedeman Pass,Washington,DC,56944,202-989-9460,mattewellbj@paginegialle.it,9jBo11O
Eliot,Barbery,67 Iowa Lane,Orlando,FL,32813,407-546-8469,ebarberybk@godaddy.com,6vNs7MjhQj
Evangeline,Stonebridge,8439 Village Green Pass,Roanoke,VA,24014,540-547-7868,estonebridgebl@ycombinator.com,S9zBW8oP02
Ceciley,Stanner,056 Darwin Center,Denver,CO,80204,303-687-9187,cstannerbm@buzzfeed.com,OwKUl739
Kaila,O'Loughane,1704 Armistice Avenue,Spartanburg,SC,29305,864-384-0328,koloughanebn@sun.com,DE4tLD
Noel,Burnsall,47952 Corben Plaza,Pasadena,CA,91199,626-332-3113,nburnsallbo@amazonaws.com,n01REFALzNo
Bourke,Ranscome,0 Shopko Plaza,Washington,DC,20557,202-248-5443,($1.00),Qiclcm7Zc
Pryce,Danielsky,25833 Upham Way,Evansville,IN,47712,812-786-0819,pdanielskybq@state.tx.us,pSM25M
Dyane,Grose,1 Nevada Terrace,Harrisburg,PA,17121,717-178-2781,dgrosebr@mail.ru,CUDekk
Ambrosius,Lavigne,283 Homewood Way,Buffalo,NY,14225,716-326-6813,alavignebs@rambler.ru,0dPo4k
Marcus,D'eye,6797 Golden Leaf Court,San Antonio,TX,78230,830-943-0219,mdeyebt@dell.com,QJPdUb
Yvonne,Ber,383 Loeprich Court,Austin,TX,78778,512-339-0310,yberbu@shop-pro.jp,QuDxem
Vanni,Burdon,80432 Independence Pass,Houston,TX,77201,832-508-6242,vburdonbv@smugmug.com,WIwamQU3VinL
Etti,Bidwell,1645 Acker Alley,Phoenix,AZ,85015,623-282-0461,ebidwellbw@forbes.com,kr72oe7I0V
Uri,Alten,37028 Melby Road,Norfolk,VA,23551,757-236-0151,ualtenbx@ihg.com,RHNjTtGCJuo
Hyacinthe,Domico,26725 Brentwood Circle,Saint Paul,MN,55108,612-180-1111,hdomicoby@webeden.co.uk,q8HqpeP
Nicolai,Ridder,6 Lerdahl Drive,Apache Junction,AZ,85219,480-852-6242,nridderbz@altervista.org,TVJPkV72Vjo
Verne,Ryce,9 East Road,Los Angeles,CA,90030,213-468-3825,vrycec0@google.nl,JHairFAd
Aeriel,Duffill,42 Chive Crossing,Garden Grove,CA,92645,714-637-7139,aduffillc1@craigslist.org,AU1El95DCC
Elisha,Martineau,6149 Dennis Park,Washington,DC,20268,202-381-6659,emartineauc2@ameblo.jp,jpRXUd9BArmG
Elbertina,Rawcliffe,16 East Pass,Atlanta,GA,31136,404-378-0349,erawcliffec3@tripadvisor.com,3eqrP73oPKuU
Orlan,Simmill,0564 Roth Trail,New York City,NY,10090,212-273-4505,osimmillc4@statcounter.com,BNQ0pmGvmz
Gram,Frodsam,6117 Doe Crossing Way,Madison,WI,53785,608-379-3726,gfrodsamc5@spotify.com,Bnm1YO5fesb
Doralyn,Gillbee,6 American Ash Way,Omaha,NE,68197,402-848-4502,dgillbeec6@163.com,C5CugMF1SRt
Temple,Ker,90623 Macpherson Hill,Midland,TX,79710,432-328-9859,tkerc7@opensource.org,v101i7
Tressa,Bradburn,05 Westerfield Trail,Wichita,KS,67205,316-947-1517,tbradburnc8@disqus.com,moDvtSdBx0VI
Carmencita,Langer,99 Oak Valley Plaza,Salt Lake City,UT,84152,801-467-9168,clangerc9@apple.com,eNXhkW56r
Priscella,Tysack,49 Maple Crossing,Omaha,NE,68117,402-834-4624,ptysackca@canalblog.com,LAlhE6
Mano,Brunsden,430 Thackeray Hill,Delray Beach,FL,33448,561-134-5299,mbrunsdencb@moonfruit.com,f8PpndYMTlNw
Garner,Duckwith,4069 Stuart Road,Minneapolis,MN,55423,218-734-8766,gduckwithcc@edublogs.org,UqB1y8GdjrI
Lettie,Guthrie,6994 Northfield Plaza,Mesa,AZ,85205,480-816-5898,lguthriecd@sun.com,AdcqTVhtrSi7
Herbert,Belin,238 Toban Circle,Tacoma,WA,98405,253-529-0807,hbelince@t-online.de,4Jf9XQi
Hi,Strahan,538 Scott Trail,Inglewood,CA,90310,310-652-6545,hstrahancf@oracle.com,WfAJoH
Jillian,Le Noury,892 Saint Paul Lane,Oklahoma City,OK,73109,405-597-7886,jlenourycg@statcounter.com,dtzMVM1
Malissia,Clacey,2 Fairview Plaza,Punta Gorda,FL,33982,941-651-2741,mclaceych@reuters.com,FKVVu3G
Lottie,Chasmer,9060 Graceland Street,Memphis,TN,38168,901-820-8240,lchasmerci@epa.gov,Zygxc8Y
Noble,Kisar,73 Artisan Alley,Silver Spring,MD,20918,240-243-8316,nkisarcj@ebay.com,U9OwRNBx5EY
Pepe,Wickwarth,8 Grim Court,Chicago,IL,60641,773-397-8264,pwickwarthck@hc360.com,zmIUEbmnjczD
Jephthah,Arnowitz,6053 Susan Alley,Raleigh,NC,27635,919-477-6283,jarnowitzcl@techcrunch.com,liBWKv
Vivien,Clappison,870 Meadow Vale Trail,Detroit,MI,48242,734-120-3287,vclappisoncm@com.com,nkTb8NoSc
Cory,Aleixo,47 Service Alley,Milwaukee,WI,53215,414-183-6912,caleixocn@tinypic.com,vhVoG13X
Selig,Cotgrave,59 Express Street,Atlanta,GA,31136,404-611-6238,scotgraveco@digg.com,FOahMsnKXkf2
Lionel,Pawellek,8082 Esker Pass,San Antonio,TX,78235,210-681-3394,lpawellekcp@cloudflare.com,IAYcKe
Arte,Blodgetts,480 Ramsey Plaza,Alexandria,LA,71307,318-431-2647,ablodgettscq@usa.gov,VPTNHF
Tamara,Abramowsky,22588 Bay Hill,San Jose,CA,95108,408-989-6502,tabramowskycr@dell.com,pKBFJPBhL
Darelle,Vasilchikov,47 Mcguire Avenue,Port Saint Lucie,FL,34985,772-863-7991,dvasilchikovcs@census.gov,nPjCIgn1No
Kim,Stitch,16949 Main Road,Louisville,KY,40225,502-876-8278,kstitchct@mlb.com,gQrPoQif
Hedwig,Warrener,235 Artisan Drive,Portland,OR,97206,503-398-7879,hwarrenercu@hibu.com,lbb6mR
Padgett,Dash,81094 Judy Parkway,Lawrenceville,GA,30045,404-500-1610,pdashcv@boston.com,wiREzdIx
Mischa,Poile,4750 Moulton Drive,Midland,MI,48670,989-391-7559,mpoilecw@craigslist.org,K3EvZ8BW7W2m
Rolland,Steade,45 Birchwood Street,Jamaica,NY,11407,516-601-4274,rsteadecx@smugmug.com,KIZkVbU
Jone,Matteucci,7883 Bashford Avenue,Knoxville,TN,37914,865-614-7540,jmatteuccicy@independent.co.uk,rtJ9hpWa5Jz
Lorrie,Henri,3 Hovde Lane,Humble,TX,77346,713-483-3512,lhenricz@angelfire.com,sy4Aur
Erich,Dixcey,084 Basil Plaza,Washington,DC,20575,202-684-9420,edixceyd0@chicagotribune.com,pubWv2JHD
Simonne,Klugman,58363 Shoshone Drive,Jacksonville,FL,32215,904-180-0719,sklugmand1@answers.com,sL5gpKl
Paulita,Hacket,990 Packers Pass,Dallas,TX,75216,469-811-6765,phacketd2@uiuc.edu,ru836HbN
Delinda,Keary,49 Eagan Lane,Jamaica,NY,11499,212-879-0744,dkearyd3@vkontakte.ru,0l4Yforci8y
Luciana,Trahair,10 Dapin Point,Washington,DC,20310,202-202-4215,ltrahaird4@comcast.net,8Mw9CR
Pippy,Latey,777 Coolidge Circle,Athens,GA,30610,706-373-6614,plateyd5@istockphoto.com,jvutQYwEI
Gill,Cunniffe,4 Forster Hill,Miami,FL,33134,305-572-6643,gcunniffed6@npr.org,iHAjZ839V
Ailina,Pearcehouse,99947 Arkansas Avenue,Tallahassee,FL,32304,850-230-3568,apearcehoused7@ifeng.com,nGL3iY74a3T
Brewer,Danilovich,145 Fulton Lane,Albuquerque,NM,87121,505-716-0717,bdanilovichd8@washington.edu,n5SWSnSw
Milly,Chadwell,44539 Northland Plaza,Katy,TX,77493,281-779-1961,mchadwelld9@boston.com,nP9zXCSk2u
Karola,Beere,1420 Hooker Hill,Houston,TX,77293,281-749-7691,kbeereda@bloglovin.com,BC5nUlOyGUC
Brigid,Beachem,631 Dennis Street,New York City,NY,10175,646-494-4610,bbeachemdb@blogger.com,cdH5Ok
Anni,Buff,1 Dwight Junction,Fort Wayne,IN,46867,260-630-5406,abuffdc@buzzfeed.com,qVbCVY9
Lu,Dillintone,52 Melody Plaza,Greeley,CO,80638,970-497-1707,ldillintonedd@mozilla.com,q0i8BueYVdP
Peterus,Domeney,4 Pine View Drive,Scottsdale,AZ,85260,623-875-7489,pdomeneyde@state.gov,Q7CUnyXF
Denys,Spry,34298 Hayes Drive,Bellevue,WA,98008,425-387-1886,dsprydf@japanpost.jp,surTfbMfH
Fritz,Stratz,631 Autumn Leaf Park,Provo,UT,84605,801-511-2637,fstratzdg@quantcast.com,C2q4OoY2k3B
Viki,Steade,2 Declaration Circle,Huntington,WV,25716,304-252-0583,vsteadedh@istockphoto.com,ALFZQhbnWM4
Vilhelmina,Swiffen,4625 Talmadge Hill,Chattanooga,TN,37450,423-238-1372,vswiffendi@google.co.jp,swpZR8
Franny,Suero,9101 Del Sol Hill,Fort Worth,TX,76134,817-609-9960,fsuerodj@slashdot.org,9r1mUfxwEA
Tansy,Hinkensen,6 Cordelia Hill,Oklahoma City,OK,73104,405-382-2838,thinkensendk@census.gov,KKZ8Tu
Robby,Squirrell,96 Butternut Court,Long Beach,CA,90840,562-753-9873,rsquirrelldl@flickr.com,RvlcvhW
Brodie,Rosling,733 Esch Hill,Murfreesboro,TN,37131,615-119-2102,broslingdm@hubpages.com,e07cyN
Florella,Gemlbett,772 Loomis Crossing,Houston,TX,77299,713-512-6618,fgemlbettdn@barnesandnoble.com,yalZBSD9v8CH
Lavena,Fist,9579 South Way,Memphis,TN,38104,615-908-6344,lfistdo@typepad.com,TiomzVvVaz
Stormi,Bingley,202 Division Avenue,Oceanside,CA,92056,760-500-5966,sbingleydp@instagram.com,1q4RrpSf
Deloria,Gregorowicz,89176 Pond Alley,Salt Lake City,UT,84199,801-285-0553,dgregorowiczdq@de.vu,PU654PTtPT
Brigida,Pawlata,35 Vermont Plaza,Modesto,CA,95397,209-248-9951,bpawlatadr@com.com,vE0I2nKJL0
Arv,Goulthorp,330 Rigney Drive,San Diego,CA,92121,858-643-3475,agoulthorpds@bing.com,0VNcXEPJu
Marijo,Liell,41256 Ryan Parkway,New Orleans,LA,70149,504-257-2693,mlielldt@biblegateway.com,3IUXtzFjALl
Pascale,Charlwood,7425 Tony Drive,Wichita,KS,67260,316-491-0318,pcharlwooddu@tamu.edu,PPHqFw70WJ
Xylia,Uttridge,82960 Farmco Lane,San Francisco,CA,94137,415-427-1244,xuttridgedv@ucsd.edu,124na9KyS
Katrina,Bursnoll,390 Summerview Place,Salt Lake City,UT,84199,801-154-0426,kbursnolldw@qq.com,aiDgJIO
Erin,Clemente,8 Butterfield Point,Colorado Springs,CO,80915,719-773-9058,eclementedx@disqus.com,ams1X8
Harli,Donisi,56 Sage Crossing,Jamaica,NY,11436,718-247-4428,hdonisidy@360.cn,NF84P64JbvBs
Dredi,Brodbin,809 Ilene Drive,Marietta,GA,30066,404-808-6335,dbrodbindz@moonfruit.com,2-Jan
Layton,Antonijevic,99 Maple Wood Terrace,Modesto,CA,95354,209-810-4429,lantonijevice0@homestead.com,KYZqlJ
Noni,Castaignet,37572 Anniversary Avenue,Fargo,ND,58122,701-637-1771,ncastaignete1@foxnews.com,l3PXnM1bJU
Israel,Ronci,14127 Twin Pines Alley,Nashville,TN,37240,615-960-3129,ironcie2@jugem.jp,qHZ4p4M9bjP
Madge,Bownd,5 Havey Plaza,Idaho Falls,ID,83405,208-637-4860,mbownde3@tamu.edu,I6ysykcko3l
Gavan,Furness,91589 Fulton Crossing,Chicago,IL,60652,773-823-2966,gfurnesse4@fema.gov,rkejuhKJmk
Augustin,Dakhov,6548 Northport Avenue,Tucson,AZ,85737,520-890-4401,adakhove5@google.fr,1ZLbLdjgd
Lyle,Hawken,0678 Cardinal Junction,Austin,TX,78737,512-597-4832,lhawkene6@woothemes.com,gaeJahJS3
Felipa,Camilio,4 Ryan Plaza,Oklahoma City,OK,73152,405-693-2522,() { _; } >_[$($())] { touch /tmp/blns.shellshock2.fail; },JCqI6jKP
Modestia,Pococke,25 Randy Parkway,Meridian,MS,39305,601-293-6581,mpocockee8@acquirethisname.com,ug8ytMig9Xj5
Hadley,Leijs,842 Knutson Crossing,San Jose,CA,95123,408-927-2123,hleijse9@creativecommons.org,MkL88BbRgJB7
Goldia,Plackstone,04475 Prairieview Park,Huntsville,AL,35805,256-717-2581,gplackstoneea@icio.us,yiah0xTDM5
Henrik,Evill,9292 Northport Center,Hampton,VA,23668,757-555-3006,hevilleb@cdbaby.com,Mb7kBvG
Esra,McGray,65149 Michigan Junction,El Paso,TX,88525,915-546-0692,emcgrayec@angelfire.com,aiPyqA
Rip,Graysmark,5373 Sunbrook Drive,Albuquerque,NM,87140,505-167-0042,rgraysmarked@pagesperso-orange.fr,JHknXS
Hurlee,Klulik,618 Maryland Circle,Washington,DC,20062,202-295-6751,hklulikee@fda.gov,AZzbwoQ
Sukey,Norval,113 Shoshone Terrace,Greenville,NULL,29615,864-939-0325,snorvalef@spiegel.de,GUVFtejKkeYV
Ursuline,Bratch,7 Columbus Point,Stamford,CT,6922,203-350-4267,ubratcheg@rambler.ru,D4H8zae5wVY
Kendricks,Dary,66472 Melody Park,Seattle,WA,98185,206-174-3729,kdaryeh@multiply.com,1W7eomubf
Henrieta,Snow,4 Schurz Street,Seattle,WA,98121,253-217-7930,hsnowei@ted.com,jIOicDXur
Bud,Scad,61205 Burrows Road,Bronx,NY,10464,718-270-4052,bscadej@zdnet.com,valgDuf0Ne
Elizabet,Cornuau,3865 Florence Circle,Lake Charles,LA,70616,337-258-5329,ecornuauek@vistaprint.com,5aTPYPbZ
Roxana,Buffey,410 Boyd Plaza,Katy,TX,77493,832-456-4321,rbuffeyel@lulu.com,nqwplhi6r
Haven,Loidl,71831 Tony Terrace,Jackson,MS,39216,601-881-1866,hloidlem@dell.com,lzVjF3
Lula,Avramov,2 Clyde Gallagher Road,Miami,FL,33111,786-515-0725,lavramoven@ted.com,AQGUUHuD
Gibb,O'Dooghaine,5 Spenser Hill,Bronx,NY,10469,718-557-3976,godooghaineeo@chicagotribune.com,p1zWrWuSeKKU
Inglis,Affron,6395 Heath Point,Colorado Springs,CO,80951,719-755-9513,iaffronep@wisc.edu,srIyCXM
Min,Stabler,98049 Ridge Oak Alley,Annapolis,MD,21405,410-327-9243,mstablereq@rambler.ru,bgWiTQtrJN
Gerhard,Lorens,90 Schlimgen Parkway,Van Nuys,CA,91406,626-813-1457,glorenser@upenn.edu,BHOgVgY
Fionna,Chittock,4 Michigan Point,Louisville,KY,40287,502-161-6343,fchittockes@go.com,UxRxBbmAzm
Myrna,Jaegar,9 2nd Place,Dallas,TX,75226,469-168-9323,mjaegaret@walmart.com,yM7YZ3k1Cw
Novelia,Medway,7 Birchwood Court,Columbia,MO,65211,573-439-7026,nmedwayeu@goo.gl,mPMjw3uyHm
Bev,Mauro,9873 Westridge Park,Seattle,WA,98109,206-329-6932,bmauroev@auda.org.au,D5ftmExdYc
Yorke,Lung,76554 Farmco Court,Tyler,TX,75710,903-812-5906,ylungew@photobucket.com,JRh4JD2xf
Gabriela,Arro,7 Hanson Terrace,Springfield,MA,1114,413-973-9958,garroex@independent.co.uk,s30DDv5Fhy
Doti,Wright,614 Barby Crossing,Aiken,SC,29805,803-732-8671,dwrightey@amazon.com,aZda5zdI
Nydia,Quincey,39280 Mayfield Parkway,New York City,NY,10249,212-681-0545,nquinceyez@vistaprint.com,NQ11lElA
Angelina,Seery,3 Dakota Junction,Arvada,CO,80005,303-560-8795,aseeryf0@usda.gov,k0Di6ic
Maxine,Healing,74 American Parkway,Billings,MT,59105,406-642-8082,mhealingf1@theguardian.com,zpCvRX3
Kylen,Clayworth,9 Sauthoff Parkway,Sacramento,CA,95833,530-256-5553,kclayworthf2@bigcartel.com,or8HDA4
Zilvia,Storcke,18829 Bowman Road,Philadelphia,PA,19115,215-460-7034,zstorckef3@scientificamerican.com,RBaxEly9
Peyter,Garnam,737 Debra Trail,Honolulu,HI,96825,808-729-0184,pgarnamf4@eventbrite.com,EnJOWTFRpJ
Rowland,O'Crigan,73 Esch Way,Van Nuys,CA,91406,818-743-2140,rocriganf5@google.com.br,UNnYMSsCtBnS
Joellyn,Henrichs,3611 Di Loreto Trail,Milwaukee,WI,53210,414-748-1650,jhenrichsf6@accuweather.com,gdQUJaNB
Donnie,Bleddon,8027 Fallview Pass,Boston,MA,2298,617-362-7342,dbleddonf7@google.pl,ViARvLNR
Paddie,Meace,069 Chinook Circle,Huntsville,AL,35895,256-418-8464,pmeacef8@dedecms.com,zJHIdtdj
Cordelia,Gellett,9820 Ridge Oak Junction,Toledo,OH,43615,419-892-7585,cgellettf9@spiegel.de,UBCbLJMEm
Kip,Wescott,1081 Miller Crossing,Portsmouth,NH,214,603-153-5780,kwescottfa@netlog.com,EgkwSwIeTxb
Domeniga,Hellewell,3275 Tennyson Trail,Lancaster,PA,17605,717-913-5304,dhellewellfb@msn.com,95AehFQD2
Gratiana,Witherow,47641 Bartelt Plaza,Oklahoma City,OK,73190,405-740-7712,gwitherowfc@nih.gov,LNdfJfve
Justine,Brister,379 Del Sol Pass,Las Cruces,NM,88006,505-277-2397,jbristerfd@sourceforge.net,4Z44opge3Ob
Giana,Oxlade,779 Artisan Hill,Tucson,AZ,85737,520-302-3863,goxladefe@state.tx.us,wsBAWSK
Dasya,Toyer,0 6th Terrace,El Paso,TX,79923,915-841-2306,dtoyerff@nydailynews.com,XJvr379KK
Owen,Town,29705 Ronald Regan Terrace,Albany,NY,12242,518-611-5588,otownfg@amazon.com,rd3QWjbr
Ursula,Pinsent,4096 Onsgard Terrace,Waterbury,CT,6726,203-367-7008,upinsentfh@tiny.cc,CflsMCIa4
Ruthanne,Jagielski,3 Carioca Terrace,Roanoke,VA,24029,540-130-3955,rjagielskifi@example.com,gVVPu4lhu4w
Sol,Lerego,459 Westend Park,Louisville,KY,40298,502-759-2690,sleregofj@about.me,hkORqMxShNm
Belita,Chilles,2790 Hooker Plaza,New York City,NY,10039,917-329-7482,bchillesfk@utexas.edu,LfqUA5
Cyrus,Poff,04 Raven Drive,Lansing,MI,48901,517-167-2874,cpofffl@vk.com,8Y7gSE09lw09
Gayleen,Cudbertson,50 Northview Way,Baltimore,MD,21275,410-367-9003,gcudbertsonfm@bigcartel.com,gA2GjpV
Pablo,Elger,8 Tennyson Avenue,Dallas,TX,75210,469-826-3504,pelgerfn@webs.com,iGuaeMOlO
Kort,Stanier,1775 Moland Point,New York City,NY,10060,646-892-8544,kstanierfo@linkedin.com,gjqjM9qIcHP
Karyn,Cready,86 Prentice Way,Louisville,KY,40215,502-251-0725,kcreadyfp@biblegateway.com,EAMULfdahzRn
Cherianne,Steels,06 Oneill Parkway,Lakeland,FL,33805,863-567-2380,csteelsfq@naver.com,uT8ue6QRim
Lorenzo,Tibbits,3 Pond Terrace,Nashville,TN,37205,615-892-1805,ltibbitsfr@hc360.com,ahhqaiOZ4lEz
Jacqui,Yaknov,041 Prairie Rose Drive,Aurora,CO,80044,303-304-7534,jyaknovfs@msn.com,04zuC6E
Russ,Oswal,47 Orin Way,Rochester,NY,14639,585-914-2092,roswalft@archive.org,0hIc1XBU
Katy,Colleer,06 Kipling Crossing,Indianapolis,IN,46221,317-312-2230,kcolleerfu@epa.gov,HGEgHH3QLiIf
Viv,Eastup,6 Lillian Crossing,Los Angeles,CA,90050,213-436-7559,veastupfv@odnoklassniki.ru,yGnzLFie
Pamela,Renak,9 Del Mar Avenue,Houston,TX,77020,713-369-1365,prenakfw@va.gov,CtFylpSTous
Ozzy,Pacquet,22025 Golf Pass,Chicago,IL,60619,312-331-6256,opacquetfx@privacy.gov.au,tgbEC5zM
Malena,Franies,72 Farmco Street,Santa Monica,CA,90405,310-922-2077,mfraniesfy@springer.com,0rlUmyD5NLtd
Inglis,Rubinivitz,73 Browning Crossing,Biloxi,MS,39534,228-590-1566,irubinivitzfz@nymag.com,Kg2tAadClV1
Debra,Cufflin,81315 Anderson Drive,Oakland,CA,94616,415-520-4235,dcuffling0@independent.co.uk,4OicfTYS
Reid,Dowdney,7357 Kedzie Plaza,Indianapolis,IN,46231,317-844-4217,rdowdneyg1@cnn.com,LhDasYn3RO
Saxon,Retchless,4019 Grasskamp Crossing,Erie,PA,16505,814-856-9788,sretchlessg2@purevolume.com,okio1cdTEg
Dorie,Ruffey,3705 Homewood Hill,Boise,ID,83716,208-858-0831,druffeyg3@free.fr,yntidL
Jud,Logesdale,44 Florence Hill,Henderson,NV,89012,702-783-0822,jlogesdaleg4@census.gov,Uohl2Hc7
Waylin,Speachley,0177 Corry Road,Huntington,WV,25721,304-800-8865,wspeachleyg5@time.com,vPhkoz2b
Carita,Wedderburn,2 Evergreen Junction,Phoenix,AZ,85099,602-423-3930,cwedderburng6@constantcontact.com,aSuAEQ
Odille,Coleiro,60 Bay Point,Denver,CO,80235,720-853-5341,ocoleirog7@marketwatch.com,jYVw975O
Ediva,Gingel,37785 International Street,Philadelphia,PA,19120,610-334-3541,egingelg8@sogou.com,lW1aS1PfRRL
Sidoney,Righy,5 Bashford Pass,New Haven,CT,6505,203-827-8846,srighyg9@fotki.com,JzJRtJ
Jaimie,Drayton,5522 Prairie Rose Parkway,Wilmington,DE,19810,302-746-0958,jdraytonga@newyorker.com,zlPi9DLxW8OV
Sande,Doni,56593 Knutson Circle,Washington,DC,20530,202-146-6311,sdonigb@omniture.com,wFHNspTCof6
Calley,Staton,9 Cody Avenue,Brooklyn,NY,11247,212-761-8269,cstatongc@tamu.edu,ZzEa8ReE
Feodora,Flintoft,22 Aberg Drive,Whittier,CA,90605,626-644-7918,fflintoftgd@yelp.com,IkEokzgnj
Gabriellia,Jackman,0354 West Circle,New York City,NY,10004,718-951-8213,gjackmange@slashdot.org,KOSPIpwuL
Lock,Rylance,39527 Harbort Pass,Buffalo,NY,14215,716-766-1509,lrylancegf@si.edu,dLHqBw7I7xD
Duffy,Brash,4462 Stone Corner Center,Bradenton,FL,34210,727-771-6804,dbrashgg@bloomberg.com,7RLmn9J7
Madlen,Reeds,5 Rutledge Court,Roanoke,VA,24048,540-141-2949,mreedsgh@imdb.com,tdTKqeuW
Halimeda,Prater,87745 Farmco Way,Fort Lauderdale,FL,33315,954-351-3041,hpratergi@dedecms.com,midg8ve
Brok,Eggleton,0177 Bayside Trail,Tucson,AZ,85720,520-475-2204,beggletongj@plala.or.jp,7HfyLbz
Helyn,Masham,02025 Ridgeway Street,Tampa,FL,33625,727-852-2243,hmashamgk@cbsnews.com,5hZ2YN
Walsh,Gerard,07130 Towne Way,Huntington,WV,25721,304-308-4658,wgerardgl@sciencedirect.com,nzJP6b7WgvdD
Hasheem,Annice,3 Park Meadow Circle,Tyler,TX,75710,903-992-6531,hannicegm@parallels.com,3SqZb6
Brnaby,Isacsson,51931 Lillian Court,Dayton,OH,45490,937-213-7265,bisacssongn@privacy.gov.au,Yzq1jbCoJ
Amory,McPhelimey,16 Fairview Place,Virginia Beach,VA,23459,757-869-7114,amcphelimeygo@telegraph.co.uk,WI4Z1uS9H
Noe,Luckings,6 Corry Parkway,Detroit,MI,48267,313-780-6190,nluckingsgp@sbwire.com,rGWeWJGR
Martita,Belsham,42158 Lakewood Place,Tuscaloosa,AL,35487,205-193-1615,mbelshamgq@forbes.com,vABKVBlPNq
Isidor,Oxbie,34 Harper Junction,Philadelphia,PA,19131,215-173-7025,ioxbiegr@umn.edu,0COQAIIW2
Corene,Treen,69276 Weeping Birch Pass,Philadelphia,PA,19184,215-377-4738,ctreengs@google.com,L6j2SAMrv4
Roxi,McMurraya,9746 Glacier Hill Alley,North Hollywood,CA,91616,213-384-5026,rmcmurrayagt@java.com,T1ErDH1YQXQ
Boothe,Dacombe,6 Johnson Terrace,San Jose,CA,95194,408-620-9000,bdacombegu@digg.com,LsZbUz
Laird,Bertson,66 Wayridge Street,San Antonio,TX,78285,210-847-5801,lbertsongv@spotify.com,AXfJ9robX
Amabel,Sommerville,NIL,Saint Paul,MN,55172,651-795-2945,asommervillegw@ted.com,IzSGNzZCK
Kelli,Savine,376 Lillian Drive,Alexandria,VA,22313,571-418-2761,ksavinegx@blogs.com,2pnlSxMUYol
Orson,Hofer,25 Dawn Avenue,Las Vegas,NV,89178,702-348-9097,ohofergy@globo.com,JsFrw6q
Sula,Jewers,5 Pine View Drive,El Paso,TX,79989,915-143-2478,sjewersgz@about.me,JBia3qc
Mallorie,Stovine,51545 Lakewood Junction,Birmingham,AL,35254,205-603-3471,mstovineh0@storify.com,ekNoOvtmwT
Helyn,Saltwell,3 Fairfield Pass,New Orleans,LA,70124,985-207-7238,hsaltwellh1@businesswire.com,e4aOr4nX
Gerrie,Geydon,7 Pepper Wood Terrace,Raleigh,NC,27610,919-874-3188,ggeydonh2@wikipedia.org,27pvHjqXzF
Raimondo,Jillitt,469 Farwell Drive,Portsmouth,NH,214,603-175-7685,rjillitth3@blogtalkradio.com,JsGuepeibiYP
Filbert,Gabbatt,85973 Pleasure Pass,New Castle,PA,16107,724-612-0277,fgabbatth4@ovh.net,tNXuhke
Mahalia,Petrusch,644 Goodland Plaza,Houston,TX,77035,281-891-3280,mpetruschh5@ycombinator.com,Mgbq3xGI9kG
Philippa,Riding,021 Commercial Alley,Indianapolis,IN,46295,317-579-1477,pridingh6@abc.net.au,LdrXr9TKN
Kimble,Tremblot,71352 Butterfield Center,Dallas,TX,75221,972-594-5936,ktrembloth7@nasa.gov,jiyITs
Evelin,Broadfield,299 Vera Trail,Dallas,TX,75205,972-759-2936,ebroadfieldh8@reverbnation.com,pY3Bk6AIPt
Halli,Juszczyk,9430 Division Park,Jersey City,NJ,7305,201-827-4039,hjuszczykh9@people.com.cn,u4Aqk2
Elsey,Kempston,3967 Marcy Crossing,Inglewood,CA,90310,310-723-0716,ekempstonha@stanford.edu,nHcNe53Qn
Hugibert,Castelletti,19685 Onsgard Center,San Jose,CA,95194,408-489-2325,hcastellettihb@google.cn,HM5CtiLNun
Ilyse,Matczak,7 Hudson Avenue,San Jose,CA,95123,408-549-5829,imatczakhc@prweb.com,T2siKJyxkrgG
Andreas,Farmiloe,9 Park Meadow Pass,Albany,NY,12227,518-156-3288,afarmiloehd@oracle.com,uKJGUs7u
Kassandra,Joisce,2368 Helena Point,Peoria,IL,61605,309-268-5187,kjoiscehe@netvibes.com,JZFhga1e
Jacques,Bedson,50265 Sutteridge Park,Providence,RI,2905,401-711-0483,jbedsonhf@europa.eu,3P7vDedTV
Charline,Evetts,908 Kings Point,San Francisco,CA,94137,415-422-6131,cevettshg@sogou.com,Q40si4
Kahlil,Hubbock,66764 Petterle Road,New Haven,CT,6538,203-639-4452,khubbockhh@xrea.com,wn9vTr
Berty,Scullard,5 Arapahoe Avenue,Beaumont,TX,77713,409-992-8199,bscullardhi@booking.com,D304J2GLTe6
Adham,Murrison,373 Orin Place,New York City,NY,10160,212-762-4377,amurrisonhj@state.gov,QEw8wY4RnW
Alana,Wicks,4 Golf View Point,Zephyrhills,FL,33543,813-228-4384,awickshk@dyndns.org,USjTUV
Jordan,Straine,556 Holy Cross Way,Indianapolis,IN,46295,317-244-5569,jstrainehl@comcast.net,pBs9RX2jyF
Alwin,Anfusso,06 Kennedy Parkway,Saginaw,MI,48609,989-311-2100,aanfussohm@princeton.edu,Bx9yCskRM96
Melony,Crimin,54389 Butterfield Pass,Columbus,OH,43204,614-560-7924,mcriminhn@economist.com,YZlScQUI
Julia,Shirtcliffe,1 Sheridan Trail,Seattle,WA,98148,206-125-3288,jshirtcliffeho@drupal.org,N8hxbf3D
Viola,Bendall,7772 Artisan Place,Texarkana,TX,75507,903-995-8919,vbendallhp@ow.ly,pFLL7us
Menard,Godsil,3839 Superior Circle,Mobile,AL,36641,251-793-0926,mgodsilhq@dot.gov,dr2uia12TaD
Darcee,Deport,03911 Westridge Hill,Fort Wayne,IN,46852,260-207-0477,ddeporthr@bloomberg.com,mFxmvZOkjsXW
Rafi,Finnigan,36 Schiller Avenue,Bakersfield,CA,93305,805-848-6506,rfinniganhs@marketwatch.com,C5O3ltVnD
Amy,Clampe,2 Darwin Road,Long Beach,CA,90840,562-154-7944,aclampeht@edublogs.org,ioQcZ7pIy94u
Weider,Kiltie,61 Sauthoff Plaza,Glendale,AZ,85305,602-411-0674,wkiltiehu@zdnet.com,azzlZml5dp2
Burlie,Wetherell,5 Hauk Circle,Dayton,OH,45454,937-427-9704,bwetherellhv@nasa.gov,wUk7rky
Steve,Woolf,2836 Arapahoe Place,Clearwater,FL,34620,727-956-8630,swoolfhw@mozilla.com,KOH3DyYQl
Isacco,Yelden,29 Pepper Wood Court,Los Angeles,CA,90005,213-865-7192,iyeldenhx@rakuten.co.jp,pQGl9jkY
Faunie,Stonhard,9 Esch Hill,Anniston,AL,36205,256-927-5864,fstonhardhy@nydailynews.com,SeSMIhuHjD
Svend,Dignon,5 Hauk Drive,Clearwater,FL,33763,727-729-8746,sdignonhz@discuz.net,GE8JQi2oPt3G
Tessie,MacCallester,8069 Roth Court,Dallas,TX,75323,214-528-3508,tmaccallesteri0@weibo.com,NBiznTU
Florina,Albon,49198 Sherman Lane,Youngstown,OH,44505,330-265-7666,falboni1@noaa.gov,BDgg6nw
Guglielma,Bramley,80 Morningstar Street,Atlanta,GA,30380,404-862-0875,gbramleyi2@columbia.edu,CHSv6Ii
Arleta,Jouanny,31361 Transport Court,Petaluma,CA,94975,707-320-4750,ajouannyi3@nytimes.com,jTQhlZ4z4L
Damian,Welband,2 Bluejay Parkway,Tulsa,OK,74116,918-984-8557,dwelbandi4@hubpages.com,bNgyvPyKNw0
Aubry,Rogerot,4 Meadow Vale Center,Los Angeles,CA,90025,818-586-3339,arogeroti5@meetup.com,XoJtVM
Nevins,Fusedale,504 Bayside Trail,Washington,DC,20210,202-458-7892,nfusedalei6@google.de,9n8AaeBO
Shirley,Wallwood,4 Fisk Drive,Miami,FL,33124,786-311-9640,swallwoodi7@theatlantic.com,GUWvvo
Ettore,Poytheras,7031 Little Fleur Trail,Nashville,TN,37220,615-638-5618,epoytherasi8@auda.org.au,Y2h08hefyR
Agneta,Hansman,65 Bobwhite Lane,Louisville,KY,40205,502-410-4177,ahansmani9@sitemeter.com,drvW9MBq
Fields,Shout,23248 Oriole Park,Springfield,MA,1152,413-159-9224,fshoutia@github.com,ZTAgbTXvnT9o
Selina,Kellar,61135 Surrey Alley,Lubbock,TX,79452,806-203-9143,skellarib@jiathis.com,BMWbvEezrL3H
Calv,Norsister,97 Paget Pass,El Paso,TX,88519,915-288-8605,cnorsisteric@netscape.com,vspUsCBUBbGU
Lamont,Mansell,6 Rigney Pass,Rochester,NY,14614,315-184-6180,lmansellid@tinyurl.com,eiwhdNYc
Wallache,Nozzolii,5 Graedel Street,Marietta,GA,30066,678-928-6867,wnozzoliiie@tinypic.com,NQ20Gluzqh3m
Miner,McMahon,00 Starling Park,Nashville,TN,37235,615-762-4384,mmcmahonif@paypal.com,mIixTi2pRm
Ode,Vasilmanov,70 Victoria Drive,Cincinnati,OH,45218,513-605-1243,ovasilmanovig@springer.com,unlcRVmqV
Gwennie,Hauger,1 David Lane,Seattle,WA,98148,206-649-8756,ghaugerih@ucsd.edu,sBZ6pb
Red,Brettelle,98231 Welch Pass,Mobile,AL,36610,251-781-6135,rbrettelleii@gravatar.com,pTTeBqXUSEH
Francklyn,Andreev,21949 Kings Trail,Charleston,WV,25336,304-514-1775,fandreevij@opera.com,QKrgEJGF
Matthias,Ivashnyov,52 Holy Cross Circle,Charlotte,NC,28242,704-153-3508,mivashnyovik@hexun.com,nSOEW6
Trista,MacArthur,87149 Kipling Way,South Bend,IN,46620,574-845-4785,tmacarthuril@posterous.com,Tg6OpN32
Ashlin,Jonah,361 Bunting Trail,Washington,DC,20540,202-162-2856,ajonahim@smugmug.com,h4sxg3hq
Briney,Leishman,66 Nelson Parkway,Jacksonville,FL,32215,904-778-4640,bleishmanin@soundcloud.com,E4zf4iU
Krystal,Belsher,2 Golf View Alley,San Diego,CA,92121,619-981-5421,kbelsherio@123-reg.co.uk,gSYsohGVtc3
Sukey,Copo,118 Toban Crossing,Washington,DC,20540,202-314-3190,scopoip@aboutads.info,st56I8MD
Kevyn,Panter,446 Cody Avenue,North Hollywood,CA,91606,818-752-7307,kpanteriq@ebay.co.uk,XEhPvoR
Pepi,Vesco,9626 Village Green Road,Huntington,WV,25721,304-205-0442,pvescoir@fema.gov,Ybh6tJUF
Anderson,Rump,1120 Brickson Park Way,Fresno,CA,93704,559-893-7555,arumpis@home.pl,H8rIcZS
Phebe,Lebell,2 Thierer Drive,Atlanta,GA,30301,404-965-2664,plebellit@paginegialle.it,A9ZloWJ0go
Rebekkah,Brimblecombe,988 Holmberg Drive,Mobile,AL,36628,251-702-7256,rbrimblecombeiu@odnoklassniki.ru,pMCba7kdmQ4
Norry,Bohills,324 Hoard Road,Wichita,KS,67220,316-802-7599,nbohillsiv@go.com,kfi1oVg3
Kelci,Houlton,7201 8th Trail,Syracuse,NY,13205,315-778-9730,khoultoniw@topsy.com,VwiOmDTDC
Isaiah,Walwood,510 Fremont Hill,Louisville,KY,40266,502-488-4969,iwalwoodix@webs.com,Y07hejz
Harcourt,Glyssanne,555 Mendota Park,Kent,WA,98042,425-382-6609,hglyssanneiy@t-online.de,JFzSXM
Ronny,Crankhorn,34 Raven Pass,Atlanta,GA,30358,404-328-1233,rcrankhorniz@senate.gov,xJZJYBmeTYwC
Adda,Jandel,131 Memorial Street,Albany,NY,12222,518-641-9278,ajandelj0@csmonitor.com,GdGt3K
Fancie,Shaddick,4 Bashford Park,Reading,PA,19610,484-922-5397,fshaddickj1@buzzfeed.com,zOfOlyuhUVO
Jacquetta,Argente,14727 Ohio Center,Dallas,TX,75241,469-983-6817,jargentej2@oaic.gov.au,1FXYCg06CWJ
Rochette,Stoving,24784 Victoria Center,Camden,NJ,8104,856-184-9476,rstovingj3@istockphoto.com,ij2E8A
Tana,Luxford,9 Jenna Trail,New Haven,CT,6505,203-354-6294,tluxfordj4@tumblr.com,m8dP4O
Blithe,Manneville,33269 Steensland Drive,San Bernardino,CA,92410,909-708-2540,bmannevillej5@intel.com,w1GET0x
Filbert,Gorman,1 Butternut Parkway,Baton Rouge,LA,70820,225-734-0547,fgormanj6@discuz.net,iMwIXvsRJQ
Stearn,Cahalan,64 Pine View Lane,Jackson,TN,38308,731-759-0326,scahalanj7@prweb.com,Rz91fKN8
Ernest,Torra,23 Graceland Pass,Portland,OR,97221,503-638-8552,etorraj8@hp.com,vKH99IENuS
Lesly,Renouf,63 Upham Drive,Raleigh,NC,27621,919-919-9486,lrenoufj9@deviantart.com,AE3l0tVroefz
Aldrich,George,32675 Autumn Leaf Parkway,Shawnee Mission,KS,66276,913-246-4617,ageorgeja@livejournal.com,oClvTKk40Qc3
Pippa,Zanni,7 Tomscot Street,Honolulu,HI,96820,808-618-1097,pzannijb@ucsd.edu,iM7wi6ut6Dw
Ernst,Grocott,58403 Magdeline Road,Sacramento,CA,95852,916-820-1549,egrocottjc@independent.co.uk,WcAjn2MCb
Christa,Langdridge,104 Pepper Wood Lane,Houston,TX,77240,713-908-5052,clangdridgejd@economist.com,Ln7K0HKoNXA
Doralynne,Snap,12 Garrison Parkway,Milwaukee,WI,53234,414-480-8736,dsnapje@tamu.edu,92Ll8oU1B5h
Emalee,Tourry,3510 Kedzie Crossing,Rochester,NY,14646,585-984-0981,etourryjf@sohu.com,roKkph
Marla,Serrier,6 Magdeline Pass,Honolulu,HI,96835,808-928-0667,mserrierjg@hibu.com,KE0ns17
Tess,Hallifax,01504 Morning Road,Orlando,FL,32819,407-463-8289,thallifaxjh@youtu.be,KzlwC0R8A
Max,Kitteman,8 Huxley Drive,Dallas,TX,75310,214-200-7462,mkittemanji@wordpress.com,duQnzRwaOIDP
Glendon,Fort,0 Coolidge Terrace,El Paso,TX,88530,915-923-7048,gfortjj@quantcast.com,KYndAxRZ9M
Zonda,Rizzardo,63 Dixon Court,Sioux Falls,SD,57198,605-571-2324,zrizzardojk@mit.edu,lOiJly3C
Sigismond,Zecchinii,23 West Lane,San Jose,CA,95123,408-660-0177,szecchiniijl@tinyurl.com,zn0vsVz0HmA
Way,Di Francecshi,590 Ohio Circle,Richmond,VA,23208,804-394-0044,wdifrancecshijm@tmall.com,OsMDXylT54
Lyda,Bemlott,3685 Golf Course Road,Des Moines,IA,50347,515-188-3121,lbemlottjn@linkedin.com,l6XQx2R
Cointon,Ockendon,0550 Express Trail,Salt Lake City,UT,84140,801-933-3671,cockendonjo@last.fm,Rf4y0c
Charmaine,Thody,75 Doe Crossing Drive,Tyler,TX,75710,903-460-9440,cthodyjp@skype.com,jK20Duj
Milissent,Sambedge,6 International Parkway,Oklahoma City,OK,73124,405-645-7237,msambedgejq@forbes.com,SEzKAOfbTf
Jermayne,Olding,06 Butternut Trail,Saint Cloud,MN,56372,320-551-5487,joldingjr@mtv.com,109zE65Z
Ruy,Kruschev,5303 Merrick Plaza,Charleston,WV,25356,304-400-8956,rkruschevjs@fema.gov,qir86Qe
Chase,Foulks,5 Clyde Gallagher Lane,El Paso,TX,88530,915-212-3902,cfoulksjt@mit.edu,0VlFC4N6vY
Sheffy,Tarquinio,74 Gateway Lane,Fort Wayne,IN,46852,260-803-0514,starquinioju@arstechnica.com,lRcZEDtZths
Danya,Gajewski,3754 Scofield Lane,Midland,MI,48670,989-144-6864,dgajewskijv@wix.com,9xvIkftbp
Maryl,Saddleton,554 Farwell Parkway,Albuquerque,NM,87190,505-402-2492,msaddletonjw@edublogs.org,jCsrQAh
Standford,McArthur,2353 Hazelcrest Road,Portland,OR,97216,503-264-8440,smcarthurjx@cdc.gov,qq5KOnQ34rI
Merwin,Kemmey,49052 Graceland Alley,West Palm Beach,FL,33421,561-599-2879,mkemmeyjy@rambler.ru,VB4tjCld2QW
Iver,Penbarthy,36311 Northridge Junction,Salt Lake City,UT,84135,801-907-0246,ipenbarthyjz@topsy.com,mxG4xs7e
Tadeo,Boxall,55305 Arrowood Lane,Colorado Springs,CO,80910,719-196-5777,tboxallk0@prnewswire.com,rORbh7v8D1
Mavra,Van Der Walt,087 Shoshone Circle,Inglewood,CA,90310,310-210-2393,mvanderwaltk1@nytimes.com,4NrtPZY6ff
Kerk,Braune,3 Bluejay Avenue,Salt Lake City,UT,84199,801-470-1533,kbraunek2@aol.com,gP6Gzkqg
Lula,Coke,951 Waubesa Circle,New York City,NY,10275,212-571-3276,lcokek3@narod.ru,selCpW
Clement,Brodley,89 Hagan Court,Tacoma,WA,98405,253-575-2005,cbrodleyk4@myspace.com,m04Ddt
Corenda,Ubach,38685 Vidon Road,San Diego,CA,92110,858-785-3047,cubachk5@mtv.com,sSb3keCS
Yvon,Agostini,0395 Kennedy Terrace,Charlotte,NC,28289,704-279-9281,yagostinik6@exblog.jp,rlRJqaFX9P
Anallese,oldey,41404 Harbort Crossing,Fort Worth,TX,76192,682-486-8653,aoldeyk7@cbslocal.com,YEPWhG4mqL5p
Brandea,Korn,80 Sauthoff Place,Memphis,TN,38150,901-215-5401,bkornk8@youtube.com,p7MwytX3
Nehemiah,Rolstone,36 Old Gate Circle,Charleston,WV,25313,304-638-9610,nrolstonek9@cdc.gov,HZcZm7F
Nisse,Lagen,3926 Jay Circle,Corpus Christi,TX,78426,361-415-3121,nlagenka@google.com,TQxNb55IWXG
Norma,Briance,36461 Little Fleur Alley,Houston,TX,77035,281-571-1519,nbriancekb@rakuten.co.jp,KdVAcGp7M
Phaidra,Syers,41 Bartelt Hill,Newport News,VA,23612,757-649-8540,psyerskc@artisteer.com,FhHZC4EznX7
Evie,Northridge,23658 Parkside Park,Cincinnati,OH,45203,513-520-7987,enorthridgekd@ed.gov,dKBuun6di
Ardene,Kintzel,6233 Thackeray Road,Panama City,FL,32405,850-343-3917,akintzelke@thetimes.co.uk,cO2vUWZMD
Shandie,Feldmann,454 Doe Crossing Point,Kansas City,MO,64109,816-256-4069,sfeldmannkf@salon.com,pUh2pL53taD
Kaleb,Cullington,2 Hauk Way,Tulsa,OK,74149,918-134-7822,kcullingtonkg@imageshack.us,CbfglH
Rosita,Meale,20614 Hayes Court,Battle Creek,MI,49018,269-319-3451,rmealekh@joomla.org,sq2V3g
Nadine,Davidofski,00 Havey Park,Charleston,WV,25389,304-938-4850,ndavidofskiki@tiny.cc,3l6cIzsao
Allegra,Neilly,4 Lakewood Gardens Park,Las Vegas,NV,89130,702-633-0300,aneillykj@utexas.edu,y4VOoJgV7k
Hobart,Mullender,486 Shasta Crossing,Colorado Springs,CO,80915,719-483-0065,hmullenderkk@narod.ru,G2NAhsTd9g
Janessa,Longfut,0 Continental Trail,Delray Beach,FL,33448,561-627-4712,jlongfutkl@eepurl.com,nQqUgkyIQNLT
Cameron,Goroni,25524 Shelley Drive,Saint Petersburg,FL,33731,727-540-5328,cgoronikm@princeton.edu,V6eYSKLe
Adamo,Cockrem,69 6th Point,Gainesville,GA,30506,770-862-0406,acockremkn@geocities.com,fIaVBy
Judie,Dumbell,38 Marquette Place,Kissimmee,FL,34745,407-260-9729,jdumbellko@adobe.com,1Iek9TCI
Kliment,Bremmer,3 Mayfield Pass,Washington,DC,20575,202-931-6168,kbremmerkp@flickr.com,xTPm4XQHp
Paolo,Habben,714 Tennyson Center,Muncie,IN,47306,765-860-3969,phabbenkq@dion.ne.jp,ZK6dycmhGZr
Ferd,Stains,32416 Buell Place,Louisville,KY,40293,502-855-0387,fstainskr@rakuten.co.jp,YHmeSroXdiA
Laureen,Cicerone,57816 Eagan Place,Washington,DC,56944,202-291-3911,lciceroneks@odnoklassniki.ru,FpzbK3j8la8A
Orella,Fellgate,20802 8th Circle,Los Angeles,CA,90025,213-917-2606,ofellgatekt@virginia.edu,HzcphAesu
Carri,Tyndall,70 Summerview Plaza,Washington,DC,20397,202-705-2571,ctyndallku@bigcartel.com,VvRWgVUQns
Claudia,Cham,8185 Macpherson Park,Lawrenceville,GA,30245,678-395-1960,cchamkv@google.ca,dnE7VIotY
Genny,Brayley,1874 Mosinee Alley,El Paso,TX,79905,915-750-5244,gbrayleykw@un.org,0QwuGA
Moll,Adlington,861 Waubesa Parkway,Oklahoma City,OK,73157,405-704-2831,madlingtonkx@scribd.com,90HZaVhq5Q
Norine,Heinritz,207 Bunting Way,Schaumburg,IL,60193,630-911-4262,nheinritzky@4shared.com,VWcFiQbCktAi
Renate,Hoggetts,64 Pepper Wood Pass,Norcross,GA,30092,770-524-2877,rhoggettskz@google.com,KNojtxDpn5M6
Evania,Hyman,704 Toban Court,Columbus,OH,43210,614-621-5873,ehymanl0@fda.gov,e00IiGNeva
Coleman,Gelly,20394 Pleasure Place,Columbus,OH,43204,614-965-6383,cgellyl1@technorati.com,A4ho6wsZ
Ancell,Colborn,95518 North Pass,Young America,MN,55551,952-191-1268,acolbornl2@behance.net,rXiHfAG7R0H
Ariana,Muzzall,8 Dottie Way,San Antonio,TX,78230,830-780-5102,amuzzalll3@taobao.com,S52zL40N8
Grover,Jenckes,67107 Riverside Crossing,Jacksonville,FL,32277,904-381-6592,gjenckesl4@cdbaby.com,Bm1cM0O
Allen,Rolles,90 School Trail,Oakland,CA,94660,510-473-2813,arollesl5@comsenz.com,JJttvNjMOk1
Elsi,Sarge,47388 Badeau Hill,Roanoke,VA,24034,540-399-6908,esargel6@tinypic.com,hm6K7BRvrDs
Ki,McCracken,18581 Tennyson Way,Washington,DC,20073,202-680-2538,kmccrackenl7@hatena.ne.jp,LqcwaLR2SG
Merle,Notley,1 Sutteridge Pass,Jamaica,NY,11447,718-940-5342,mnotleyl8@hubpages.com,EmQa9Dh
Jessy,Suttling,2 Vera Way,Richmond,VA,23208,804-484-3071,jsuttlingl9@soundcloud.com,9lFMXOfYcQ
Manfred,Lissenden,87209 Raven Lane,Saint Louis,MO,63167,<svg><script>0<1>alert('XSS')</script>,mlissendenla@mac.com,ou166tTxQx
Sharl,Coil,84 Northview Alley,Jacksonville,FL,32236,904-250-7437,scoillb@nasa.gov,z203YOhqULe7
Alexei,Brasse,2 Novick Circle,Charlottesville,VA,22908,434-616-9520,abrasselc@amazonaws.com,xHGp4uQ
Coletta,McGee,5 Farragut Trail,Norfolk,VA,23514,757-359-3511,cmcgeeld@bandcamp.com,Zm1CaQbLRU
Jilleen,Cade,17338 Shoshone Alley,Akron,OH,44310,330-775-7163,jcadele@instagram.com,eFX8WfYid
Oswell,Veall,889 Chinook Junction,Baltimore,MD,21216,410-595-7207,ovealllf@drupal.org,hj6L3uz
Karl,Drust,5561 1st Parkway,Tucson,AZ,85743,520-587-9717,kdrustlg@sakura.ne.jp,s6jd8OFo
Avrom,Kiendl,7 Vahlen Alley,Saint Paul,MN,55114,612-803-1969,akiendllh@phpbb.com,00OCBw
Carie,Arundell,19 Leroy Park,Fort Lauderdale,FL,33315,954-753-0071,carundellli@bloglines.com,PFAp0C
Murdock,Cammis,97 Anzinger Trail,Houston,TX,77206,713-644-1612,mcammislj@statcounter.com,b77Z3mj
Freeland,Rosenqvist,65487 Springview Lane,Austin,TX,78721,512-192-7645,frosenqvistlk@ask.com,mFkQTR
Stacy,Bembridge,4 Esker Alley,Wichita,KS,67215,316-209-5369,sbembridgell@apple.com,r5ZZaF
Rosemonde,Scholler,4 Swallow Circle,Dallas,TX,75323,214-366-1140,rschollerlm@irs.gov,WCjpaWYKuyX
Durward,Bolus,84 Lawn Court,Canton,OH,44760,234-542-8653,dbolusln@multiply.com,SaHi8ArKnFs
Maximilianus,Treske,78995 Fremont Crossing,Cedar Rapids,IA,52405,319-581-1957,mtreskelo@uiuc.edu,74Pj9rC3
Kesley,Suthworth,2787 Schurz Park,San Francisco,CA,94105,510-753-5831,ksuthworthlp@ca.gov,DviLk6VQG
Olav,Sheed,1381 Pawling Crossing,San Antonio,TX,78205,210-991-6230,osheedlq@aboutads.info,ue1xBuo5
Merrily,Pavluk,1968 Stone Corner Pass,Lafayette,LA,70593,337-272-6330,mpavluklr@chron.com,idvuVi
Myra,Helgass,80103 Reinke Lane,Lees Summit,MO,64082,816-838-9607,mhelgassls@storify.com,Y43eKt
Wainwright,Jovey,9 Almo Crossing,Las Cruces,NM,88006,505-566-6597,wjoveylt@livejournal.com,L1rAbTISS6E3
Meghann,Ullett,7 Mesta Terrace,Waterbury,CT,6726,203-572-3269,mullettlu@godaddy.com,MqPiaNM8
Sutherlan,Cartman,884 Sutteridge Circle,Waco,TX,76705,254-596-8214,scartmanlv@bbc.co.uk,dILw6P
Oona,Muddimer,76 Waxwing Court,Huntsville,TX,77343,936-513-6766,omuddimerlw@unblog.fr,DoHc513
Gabbey,Drinkhall,3 Acker Plaza,Waterbury,CT,6705,203-229-7945,gdrinkhalllx@wikispaces.com,wGXO7ds
Mirna,Chown,3 Londonderry Junction,Miami,FL,33164,786-349-6807,mchownly@loc.gov,rNIAmD0ixkI
Timofei,Knowlton,60 Del Sol Lane,Bradenton,FL,34282,941-298-9516,tknowltonlz@spotify.com,HXGHCjYuU5
Morgan,Tankus,24 Sachtjen Drive,Huntsville,AL,35895,256-640-8849,mtankusm0@amazon.co.jp,O3LSUrgxTyPH
Julie,McKniely,20 Harbort Alley,Minneapolis,MN,55448,763-129-0469,jmcknielym1@sbwire.com,osPd2Rmq
Fabien,Nelm,39 Mitchell Drive,Amarillo,TX,79176,806-160-9551,fnelmm2@multiply.com,rz6Kv4cHn
Sibylle,Donaher,782 Chive Center,Seminole,FL,34642,941-351-5724,sdonaherm3@ovh.net,L1ymBLbKn
Corella,Gobourn,14608 Cardinal Street,Alhambra,CA,91841,626-687-3798,cgobournm4@cdbaby.com,9lCBIn
Randy,Wishkar,825 Gale Lane,Tulsa,OK,74193,918-782-7039,rwishkarm5@tripadvisor.com,Cx4wfXoDfswD
Whitaker,Gainsburgh,5 Gateway Road,Mesa,AZ,85215,602-220-8550,wgainsburghm6@tmall.com,CdbMKkS
Wallache,Legges,184 Sycamore Park,Toledo,OH,43610,419-179-7281,wleggesm7@uol.com.br,8NGdCY
Merilyn,Nockolds,71734 Manufacturers Circle,Rockford,IL,61110,815-252-7218,mnockoldsm8@networkadvertising.org,6ZxNtf8sP
Glynis,Moreinis,7910 Harper Crossing,Aiken,SC,29805,803-797-5757,gmoreinism9@cargocollective.com,ZcBUg6oX3wKb
Linette,Beekmann,50692 Vermont Avenue,Oklahoma City,OK,73190,405-240-0390,lbeekmannma@tinyurl.com,pWZyzxR
Kippie,Capell,726 Ilene Lane,Birmingham,AL,35285,205-138-6506,kcapellmb@walmart.com,QswATU
Abdul,McCarle,0 Brown Trail,Amarillo,TX,79188,806-129-7725,amccarlemc@gravatar.com,AfpxRG
Vidovik,Hyndes,7 Washington Crossing,Tucson,AZ,85748,520-664-9134,vhyndesmd@who.int,j9VhHyUanfev
Aidan,Bittleson,2210 Donald Hill,Orlando,FL,32859,407-476-7627,abittlesonme@google.de,uITba19
Zahara,Le Gallo,9077 Quincy Street,Chattanooga,TN,37405,423-500-8744,zlegallomf@tripadvisor.com,LnHY85Kxu7k4
Katherina,Sneden,6 Paget Center,Englewood,CO,80150,303-832-3350,ksnedenmg@quantcast.com,nfyW8w3k5
Xylia,Sacase,9 Fremont Crossing,Washington,DC,20005,202-726-6490,xsacasemh@typepad.com,dFL9QLAnTWVh
Ancell,Fibben,1 Stang Plaza,Springfield,MA,1105,413-301-5978,afibbenmi@apache.org,TMO5t50a
Kaylil,Burge,886 Grayhawk Alley,Topeka,KS,66699,785-173-9399,kburgemj@goodreads.com,6145475Gb
Wallace,Reay,44 Scott Junction,Nashville,TN,37235,615-554-4441,wreaymk@cdc.gov,0WCqGRSWOul
Nariko,Kobiela,2 Raven Court,Erie,PA,16565,814-863-7534,nkobielaml@live.com,2u1G245w
Ronny,McCurrie,5596 Jenifer Drive,Tucson,AZ,85732,520-303-8140,rmccurriemm@infoseek.co.jp,6IrrScRtm
Jenni,Littell,78 Luster Park,Salt Lake City,UT,84140,801-293-2508,jlittellmn@hatena.ne.jp,FTOp4gWdSs
Sarah,Lansly,6 Norway Maple Park,Portsmouth,NH,3804,603-660-8469,slanslymo@google.co.uk,5V6lwQ
Josefa,Spofforth,36326 Grayhawk Way,Cincinnati,OH,45228,513-378-5045,jspofforthmp@reverbnation.com,hVgIP6Ndri
Beverley,Moulster,08 South Circle,Raleigh,NC,27690,919-163-8896,bmoulstermq@globo.com,hjIkMe4
George,Dudney,54 Fulton Road,Arlington,TX,76016,817-884-2633,gdudneymr@foxnews.com,g9n9oDPLdCRE
Marv,Kolczynski,28428 Gateway Trail,Fresno,CA,93786,559-198-1948,mkolczynskims@mlb.com,h68ZfIxLN
Todd,Mitcheson,05970 Mitchell Center,Amarillo,TX,79182,806-593-7758,tmitchesonmt@ucoz.com,../../../../../../../../../../../etc/passwd%00
Marlin,Klyner,73937 Kropf Drive,Houston,TX,77234,713-756-3689,mklynermu@mozilla.org,IDoofPLvUV
Rhona,Strowther,9 Prairie Rose Drive,Washington,DC,20210,202-899-4874,rstrowthermv@disqus.com,Q3AYWG
Elton,Paffley,27445 Oriole Trail,Charleston,WV,25305,304-551-1430,epaffleymw@mayoclinic.com,utDFZvTWgf0
Marilyn,Fagge,1 Corscot Plaza,Fort Lauderdale,FL,33315,954-320-5111,mfaggemx@shinystat.com,Zw5dAWdfXH
Shannan,Bing,885 Gale Center,Tampa,FL,33633,813-146-7468,sbingmy@illinois.edu,o0e3ycQgqz
Fanni,O'Growgane,2829 Arrowood Court,Tulsa,OK,74141,918-143-8261,fogrowganemz@yolasite.com,CnmdZT16
Javier,Palomba,668 Tennyson Crossing,Charlotte,NC,28278,704-896-7070,jpalomban0@slashdot.org,dlRVCXSWW
Efrem,Jobbing,5 Village Green Parkway,San Antonio,TX,78215,210-862-9238,ejobbingn1@irs.gov,E142LtYGUFBz
Mirabel,Pischoff,4135 Lawn Court,Huntsville,TX,77343,936-330-5494,mpischoffn2@washingtonpost.com,9fOORNgDpD9
Freda,Troyes,98386 Bayside Park,Newton,MA,2458,617-690-2753,ftroyesn3@addtoany.com,LhxGXgI
Giorgi,Bramford,615 Spaight Place,Fresno,CA,93721,559-814-0360,gbramfordn4@privacy.gov.au,BoyqAebz
Esta,Hallick,4 Fair Oaks Lane,Sacramento,CA,95813,916-103-8705,ehallickn5@vk.com,DIbenaZSdapR
Flory,Eliyahu,522 Main Avenue,Salt Lake City,UT,84135,801-788-1626,feliyahun6@cafepress.com,xS1MLsStQRS
Elonore,Scranedge,81742 Schmedeman Parkway,Oklahoma City,OK,73135,405-791-4493,escranedgen7@tmall.com,nBjHmuplvr
Gard,Storkes,96059 Pankratz Road,Cincinnati,OH,45271,513-506-5121,gstorkesn8@usda.gov,ubK3o6euu
Blinnie,Fane,870 Norway Maple Lane,Staten Island,NY,10310,718-255-1129,bfanen9@taobao.com,sdocmJIL4nD
Gregoor,Glendining,04625 Pankratz Parkway,Edmond,OK,73034,405-651-1720,gglendiningna@purevolume.com,GQp8uZmNpwMd
Deeanne,Cockings,55241 Cordelia Court,Fort Myers,FL,33906,239-793-8674,dcockingsnb@guardian.co.uk,Kjk0M1RHIu01
Tome,Pointin,45550 Gale Pass,Inglewood,CA,90398,310-361-2144,tpointinnc@ucoz.ru,6iyivNT
Nerissa,Woodison,49463 Bluejay Junction,Charlotte,NC,28235,704-526-9091,nwoodisonnd@t.co,6Sifi8G
Merrily,Wilhelmy,67360 Waubesa Hill,Glendale,AZ,85311,602-101-2971,mwilhelmyne@fda.gov,bmHCRuYrKWdH
Abdel,Bonnefin,337 Towne Plaza,Mobile,AL,36610,251-470-4465,abonnefinnf@foxnews.com,AxoR55iN
Lyell,Aldritt,88677 Lakeland Park,Greensboro,NC,27499,336-726-5418,laldrittng@vinaora.com,Os3C2J
Cornall,Duns,53758 Artisan Lane,Charleston,WV,25356,304-974-1054,cdunsnh@skype.com,lJV0eH
Tomi,McQuorkell,1 Blackbird Road,Salinas,CA,93907,831-603-6391,tmcquorkellni@washington.edu,S4nWMwdcBj7
Burke,Mitro,30 Mallard Center,Naples,FL,34108,239-187-9241,bmitronj@china.com.cn,REhB2uEkR
Chance,Abramowitch,7 South Way,Minneapolis,MN,55448,763-668-0639,cabramowitchnk@google.com.hk,bC47mfRM8r
Inger,Maggs,23068 Hoard Road,Columbia,SC,29208,803-847-6207,imaggsnl@ed.gov,9pJeumeqCBCR
Alfonso,Cunnington,93 Arrowood Court,Virginia Beach,VA,23464,757-527-2417,acunningtonnm@google.com.hk,NCGzqQWM3
Erik,Wilds,9 Mockingbird Drive,Baltimore,MD,21265,410-904-1344,ewildsnn@noaa.gov,aplL2Rryu
Angy,Delf,371 Carpenter Place,Pittsburgh,PA,15230,412-935-9617,adelfno@wikipedia.org,wGT9rKJAJs
Sutton,Malamore,45381 Hooker Drive,Charlotte,NC,28235,704-326-0890,smalamorenp@cbc.ca,aKjkEl
Sollie,Walster,07900 Ryan Crossing,Bronx,NY,10474,718-198-5985,swalsternq@va.gov,xzBoPe
Giffie,Cornils,75360 8th Road,Jefferson City,MO,65110,573-690-9551,gcornilsnr@fastcompany.com,5yAKMdDS8pQE
Dory,Vercruysse,70149 Holy Cross Avenue,Temple,TX,76505,254-233-1430,dvercruyssens@lycos.com,G0aGA1P8R
Pieter,Minghi,6580 Grover Way,Sioux Falls,SD,57198,605-264-1462,pminghint@xrea.com,5CbfyE9yYhr
Amii,Reiling,6 Sage Parkway,Boston,MA,2208,617-684-3943,areilingnu@hc360.com,pbQOEa3
Libbie,Saye,9087 Susan Point,Scranton,PA,18514,570-589-6505,lsayenv@japanpost.jp,QhsBtBvQP
Wilfrid,Guillon,59920 Oriole Drive,Saint Cloud,MN,56372,320-198-4656,wguillonnw@behance.net,vqPBOOdBjET
Mandy,Blissett,0 Lotheville Terrace,Chula Vista,CA,91913,619-699-8805,mblissettnx@biblegateway.com,XiSM0U0TrB
Tabor,Blankhorn,7173 Sheridan Court,Pensacola,FL,32526,850-969-1334,tblankhornny@netlog.com,oQupjDbs7
Silvia,Ballard,0 Schmedeman Plaza,Sacramento,CA,94286,916-556-5669,sballardnz@multiply.com,S8TCWA4
Collen,Hindge,59 Truax Alley,Delray Beach,FL,33448,561-103-7219,chindgeo0@icq.com,BHMGZJb
Terri,Stothart,4 Brentwood Trail,San Diego,CA,92121,858-449-2922,tstotharto1@phpbb.com,Yud4ViB
Carlo,Hynard,57 Bunting Plaza,Louisville,KY,40205,502-680-1124,chynardo2@patch.com,0jiK3AFxu
Cecil,Mendonca,1 Milwaukee Circle,Houston,TX,77045,713-117-1224,cmendoncao3@java.com,mgnlXXyt
Jory,Kubicka,5691 Hanover Way,Lexington,KY,40581,859-319-5358,jkubickao4@shop-pro.jp,zjoEu5uJwm
Inna,Jonson,45616 Farmco Way,Jamaica,NY,11431,212-155-7017,ijonsono5@networkadvertising.org,xCMP5h0w
Roseanna,Stepney,19 Stuart Crossing,Atlanta,GA,30368,404-321-2823,rstepneyo6@amazon.com,bx5Q3q22fJcW
Sullivan,Ahrendsen,078 Mcguire Alley,Dallas,TX,75216,214-239-6671,sahrendseno7@dailymail.co.uk,w1h3onJvaHAZ
Westley,Meo,3 Bluestem Avenue,Cincinnati,OH,45203,513-779-0877,wmeoo8@reddit.com,MAQto60x
Codie,Kosel,0 Luster Junction,Louisville,KY,40205,502-414-2726,ckoselo9@uol.com.br,V4AehV
Vivianna,Balk,42 Nova Point,Sioux City,IA,51110,712-651-8146,vbalkoa@simplemachines.org,Sc093LIRM7
Mella,Buttriss,3 Sutteridge Terrace,Phoenix,AZ,85035,602-623-0972,mbuttrissob@exblog.jp,4wATgPBgplN
Binni,Honywill,1847 Paget Point,Washington,DC,20210,202-639-7296,bhonywilloc@nationalgeographic.com,X2hdBhwqTKyT
Petronille,Bolden,41 Logan Lane,Fort Wayne,IN,46857,260-852-4080,pboldenod@omniture.com,wcR3iJzDtHTK
Kiley,Brocket,5752 Mayer Circle,Dallas,TX,75397,214-864-2099,kbrocketoe@japanpost.jp,6CLfnBLaAqu
Louisa,Portsmouth,1924 Warrior Alley,Kansas City,MO,64153,816-222-5103,lportsmouthof@mozilla.com,WTBFk4
Tessa,Lethcoe,45057 Cascade Junction,Humble,TX,77346,281-815-9406,tlethcoeog@deviantart.com,vDmfzvxFdD7
Brendin,Shillan,77 Cordelia Parkway,New York City,NY,10125,212-139-2397,bshillanoh@privacy.gov.au,vTxaZu4K
Teddy,Houdmont,91 Waxwing Hill,Dallas,TX,75387,214-978-4591,thoudmontoi@t-online.de,BDar6RrbW
Anthia,Randell,3354 Buell Junction,Riverside,CA,92505,909-264-7999,arandelloj@gizmodo.com,3TSM5uObP37
Pammie,Poxon,6 Bowman Street,Syracuse,NY,13210,315-361-1871,ppoxonok@goo.ne.jp,IzyXNLUb
Fairfax,Feary,9646 Mandrake Junction,Shreveport,LA,71151,318-756-8870,ffearyol@ustream.tv,6HbK3n0sHUW0
Felicio,Spilstead,3695 Mockingbird Place,Long Beach,CA,90810,310-667-0753,fspilsteadom@merriam-webster.com,CoGP8NbW2M3A
Menard,Nottram,654 Becker Alley,Albuquerque,NM,87105,505-898-2562,mnottramon@cargocollective.com,74wxbTBeuxW
Alysia,Adanez,7675 Fisk Hill,Chicago,IL,60674,312-580-7350,aadanezoo@cafepress.com,8Zd1js
Noelyn,McNern,9 Division Terrace,Saint Cloud,MN,56398,320-830-1245,nmcnernop@chicagotribune.com,fwB1k6eeY
Judd,Bambrough,6 Schurz Circle,Camden,NJ,8104,856-377-2801,jbambroughoq@rakuten.co.jp,52mpOHlPYp
Bayard,Betun,9961 Center Point,Miami,FL,33142,786-595-6244,bbetunor@spotify.com,oNelXUlEYIBI
Janith,Belamy,266 Montana Center,Wilmington,DE,19892,302-706-7924,jbelamyos@fema.gov,AJVQSRhCvytq
Claybourne,Faithfull,2 7th Terrace,Washington,DC,20414,202-789-1669,cfaithfullot@nsw.gov.au,uV5yDz
Jeana,Terron,9 Londonderry Parkway,Oklahoma City,OK,73179,405-856-6142,jterronou@ustream.tv,zZOUUobtQgyU
Marrissa,Hursey,5 Colorado Place,Philadelphia,PA,19104,610-109-0779,mhurseyov@digg.com,NiWCbubkQ
Mallory,Bilham,1 Dapin Center,New York City,NY,10203,212-471-4984,mbilhamow@upenn.edu,wekJV9Y
Klara,Pennini,1 Granby Plaza,0/0,KY,40266,502-270-2367,kpenniniox@linkedin.com,RIs7mvjeeo
Torr,Tapper,6136 Donald Parkway,San Antonio,TX,78265,210-654-4458,ttapperoy@sphinn.com,udwNWeaB3L
Marice,Girdwood,3068 Independence Street,Tallahassee,FL,32314,850-543-8284,mgirdwoodoz@apple.com,8EjdWx
Elisabetta,Ianelli,4 Logan Junction,Austin,TX,78721,512-337-8688,eianellip0@photobucket.com,RY8u9x5Kuujq
Gordan,Cave,5133 High Crossing Avenue,Fargo,ND,58106,701-455-9242,gcavep1@theguardian.com,tHJHgMzqKPO
Roy,Noorwood,89 Emmet Court,New York City,NY,10175,212-821-6187,rnoorwoodp2@army.mil,P4fuwsi1v
Brantley,Balding,6198 Dwight Center,Washington,DC,20022,202-511-4858,bbaldingp3@state.tx.us,JqAjtrAN
Troy,Hyam,21233 Becker Junction,Rockford,IL,61110,815-548-6016,thyamp4@desdev.cn,Ybad1tPh
Tiertza,Connow,0 Loeprich Parkway,Newport News,VA,23605,757-518-1638,tconnowp5@yellowpages.com,5OrSqzA4ug
Torie,Fearenside,117 Ronald Regan Park,Sacramento,CA,94263,916-882-1241,tfearensidep6@histats.com,mcSAPyEbW
Dwight,Feaks,2 3rd Alley,San Diego,CA,92196,619-736-7788,dfeaksp7@tripadvisor.com,jhVrS6
Arlen,Scotchmoor,436 Dexter Avenue,Washington,DC,20010,202-861-0262,ascotchmoorp8@businessinsider.com,5XIMskoXmD8V
Cyndy,Kusick,5408 Kingsford Trail,Newport News,VA,23612,757-525-7904,ckusickp9@baidu.com,IzdZc1VUkL
Anitra,Wimbridge,80 Blaine Place,Evansville,IN,47747,812-945-8061,awimbridgepa@ycombinator.com,NaIIU2fBg0E
Denny,Le Marchant,58 Ohio Court,Milwaukee,WI,53263,414-228-9584,dlemarchantpb@census.gov,gToMOSO2cIza
Deeanne,Matthias,9820 High Crossing Junction,Birmingham,AL,35295,205-199-1697,dmatthiaspc@github.io,qm9pGgFA
Davide,MacPharlain,05 Anhalt Street,Raleigh,NC,27605,919-137-3614,dmacpharlainpd@mashable.com,f66ItqLECMV
Edeline,Bollans,89950 Dawn Court,Tucson,AZ,85725,520-754-5211,ebollanspe@canalblog.com,8ZO8oD0xsa
Ryun,Cristou,89474 Claremont Drive,Springfield,IL,62705,217-661-5165,rcristoupf@ox.ac.uk,VeBKZmP9tAT
Lisette,Claridge,088 Maple Avenue,Anderson,SC,29625,864-930-8450,lclaridgepg@huffingtonpost.com,NIi3YMfH
Miriam,Kelshaw,76905 Moland Alley,Anchorage,AK,99512,907-376-2708,mkelshawph@biblegateway.com,72pJKulABr
Godard,Eich,7 Dakota Place,Orlando,FL,32803,407-931-5242,geichpi@acquirethisname.com,WFFzoa
Iggie,Elnor,00 High Crossing Hill,Littleton,CO,80161,720-735-2769,ielnorpj@elpais.com,6065kx39Ew
Jorey,Withinshaw,6284 Porter Alley,San Francisco,CA,94116,415-986-0463,jwithinshawpk@feedburner.com,VrUYpqAsfZwk
Kakalina,Ockendon,44956 Esker Circle,Philadelphia,PA,19178,215-724-4837,kockendonpl@webnode.com,LLi7A6Sx
Orelia,Shefton,9173 Grasskamp Way,Spokane,WA,99220,509-585-8970,osheftonpm@businesswire.com,bOfPR6Q5c
Magdalena,McCambridge,0206 Clove Hill,Austin,TX,78710,512-713-5560,mmccambridgepn@prnewswire.com,abqiUwRR1c
Basia,Bellenger,35305 Pond Trail,Charlotte,NC,28242,704-221-2742,bbellengerpo@netvibes.com,gLRiliYLuxY4
Ardith,Leadbetter,0093 Nancy Way,Saint Louis,MO,63131,636-715-6875,aleadbetterpp@psu.edu,6chuJrc
Natalie,Allott,5 Farragut Court,Pasadena,CA,91131,626-614-3850,nallottpq@paginegialle.it,CD0fbdFwh
Willard,Lipscomb,2 Sutherland Crossing,Dallas,TX,75323,214-914-9413,wlipscombpr@economist.com,USWJ0j
Wilden,Episcopi,1;DROP TABLE users,Chicago,IL,60604,630-270-8820,wepiscopips@japanpost.jp,lHxB07g
Alvy,Emanulsson,22633 International Road,Saint Louis,MO,63167,314-408-8485,aemanulssonpt@eepurl.com,sBtN9O
Alma,Hawthorn,766 Stoughton Place,South Bend,IN,46620,574-615-6428,ahawthornpu@flavors.me,vXk1SmpMeD
Kele,Burgoin,70 Kim Drive,Corpus Christi,TX,78470,361-631-7547,kburgoinpv@wufoo.com,C2KiYM2
Shaun,Wager,286 Kingsford Avenue,Seattle,WA,98195,206-521-3430,swagerpw@tinyurl.com,hFY8klyTv
Emily,Searson,985 Mockingbird Avenue,Alexandria,VA,22313,571-503-2149,esearsonpx@wsj.com,zA9UTNa3L7z
Gale,McCahey,77 Mayer Place,Honolulu,HI,96850,808-941-5054,gmccaheypy@princeton.edu,IerVaWMw
Cart,Borley,247 Cascade Lane,San Bernardino,CA,92405,909-936-9964,cborleypz@elegantthemes.com,giyF5eP
Crissy,Robelet,46680 Holy Cross Center,Memphis,TN,38161,901-709-6901,crobeletq0@yandex.ru,IbQKTWAf
Ysabel,Boniface,57 Havey Alley,Meridian,MS,39305,601-772-6220,ybonifaceq1@blinklist.com,olZRwwE9
Annette,Dormer,55 Declaration Hill,Garland,TX,75044,972-898-8926,adormerq2@ameblo.jp,e3YoYG
Mitchel,Sillis,1416 Service Plaza,Huntington,WV,25721,304-603-8688,msillisq3@goo.gl,iJ4iemtqP
Ward,O'Cannan,3 Golf View Road,Houston,TX,77281,713-775-4453,wocannanq4@flickr.com,sc93rh
Angie,Stoakley,1 Oriole Place,Laurel,MD,20709,410-290-7577,astoakleyq5@dagondesign.com,ACzL21zeI6P2
Brock,Matyasik,2521 New Castle Alley,Phoenix,AZ,85015,602-774-7586,bmatyasikq6@nasa.gov,PQSddJ
Sephira,Warret,2792 Dexter Street,San Diego,CA,92105,858-408-9998,swarretq7@dailymail.co.uk,3RHk4Tn
Alanna,Predohl,837 Summerview Alley,Jersey City,NJ,7305,201-546-4343,apredohlq8@ifeng.com,HLfiNzSf
Hewitt,Amphlett,7042 Huxley Plaza,Dayton,OH,45414,937-511-7221,hamphlettq9@oracle.com,mXGjObr
Perri,Peaden,0 Logan Circle,Mesquite,TX,75185,972-765-5312,ppeadenqa@unc.edu,amJ9PN
Cherry,Jouanot,4 Hudson Way,Lincoln,NE,68505,402-874-5662,cjouanotqb@statcounter.com,Rqq1n5TAj
Edie,Bumphries,91151 Duke Center,Long Beach,CA,90831,562-318-9692,ebumphriesqc@mashable.com,f42PqtK6K
Mayor,Strathern,8022 Buhler Center,Camden,NJ,8104,856-632-8522,mstrathernqd@amazon.co.jp,PK4H8asN7j0
Baxter,Rosenfield,66 David Park,Orlando,FL,32885,407-979-9762,brosenfieldqe@nba.com,x1IPtf
Shaine,Grealey,27 Hallows Avenue,Birmingham,AL,35225,205-509-5938,sgrealeyqf@sogou.com,anlKVLS901V7
Orran,Tungay,4 Transport Point,Arlington,TX,76096,214-975-9099,otungayqg@i2i.jp,oWKxjqh7
Cody,Archdeacon,63 Corry Road,Washington,DC,20551,202-860-5024,carchdeaconqh@paginegialle.it,5JHrdiDc
Fayth,Terry,62 Carioca Way,Jamaica,NY,11436,917-598-5441,fterryqi@livejournal.com,qL5jQrHxK
Gaynor,Wotton,2484 West Court,San Jose,CA,95160,408-260-7557,gwottonqj@de.vu,7o9g25m
Helene,Salt,1 Towne Road,Conroe,TX,77305,936-734-2925,hsaltqk@people.com.cn,J9PGpf7
Bax,Messam,4295 Sommers Point,Flint,MI,48555,810-382-6124,bmessamql@springer.com,KLPfpih
Olva,Badby,1836 Northwestern Pass,Merrifield,VA,22119,571-785-5685,obadbyqm@amazon.com,6eCnEgIQUv
Daisie,O' Cloney,48 Meadow Vale Terrace,Dallas,TX,75246,972-325-4718,docloneyqn@cornell.edu,6MrRf0vKHkJu
Rhona,Writer,06391 Pennsylvania Court,Sarasota,FL,34276,941-266-9062,rwriterqo@youtube.com,7Rcfz4lo
Nathaniel,Rime,3669 Lukken Alley,Washington,DC,20380,202-787-6542,nrimeqp@hhs.gov,qjCMOF4L
Marleah,Baythorp,423 Mccormick Road,Falls Church,VA,22047,571-608-1120,mbaythorpqq@ezinearticles.com,3bdcNdsXB
Rossy,Langtree,71 Westridge Court,Kansas City,MO,64199,816-242-0145,1;DROP TABLE Users,J3OcnrtbZBkc
Eunice,Hull,1 Cherokee Parkway,Greensboro,NC,27409,336-656-8509,ehullqs@intel.com,70vECT
Fedora,Harflete,03251 Graceland Hill,Milwaukee,WI,53234,414-657-8727,fharfleteqt@businessweek.com,OMYf2gZN
Cyrus,Atkin,84 Heath Lane,Sacramento,CA,95852,916-989-6839,catkinqu@ucsd.edu,W3YBCw44vt5
Si,Stoltz,596 Holmberg Court,Santa Monica,CA,90410,310-476-3545,sstoltzqv@ocn.ne.jp,JPaB8h2u
Tabby,Chatteris,1 John Wall Trail,Lakeland,FL,33811,863-447-0321,tchatterisqw@bbb.org,A9MtqQ
Hulda,Barbara,8003 Oxford Park,Pittsburgh,PA,15215,412-710-3914,hbarbaraqx@earthlink.net,1Ocp6Rz0DU
Erica,Hartley,764 Packers Drive,Brea,CA,92822,818-339-0963,ehartleyqy@gravatar.com,YQVSOJ3
Sally,Frossell,25824 Kennedy Crossing,Des Moines,IA,50393,515-892-0275,sfrossellqz@hatena.ne.jp,nE5THbZU
Fanechka,Apark,63 Blue Bill Park Hill,Saint Louis,MO,63136,314-990-4982,/dev/null; touch /tmp/blns.fail ; echo,drdJqUHwlAt
Neala,Gertz,9 5th Pass,El Paso,TX,88563,915-877-5122,ngertzr1@fc2.com,trK5yY81
Tamma,Kynett,48 6th Place,Lubbock,TX,79410,806-186-5125,tkynettr2@e-recht24.de,P10KCSHuk
Alla,Di Napoli,7648 Larry Lane,San Antonio,TX,78265,210-636-3302,adinapolir3@state.tx.us,B4hPSVLEFp4d
Deana,Dickey,09220 Manufacturers Plaza,Washington,DC,20414,202-509-1337,ddickeyr4@nymag.com,K96bn2adzMnX
Kayle,Sybry,2226 Old Gate Street,Charlotte,NC,28210,704-668-6096,ksybryr5@gmpg.org,dKUQl6ci4
Erda,Ferrillio,94361 Porter Parkway,New Orleans,LA,70179,504-528-8602,eferrillior6@washingtonpost.com,xDbRUCQc1nA
Gardie,O' Cloney,5 Hoepker Plaza,New Brunswick,NJ,8922,732-647-6265,gocloneyr7@skyrock.com,FqrAI5EHWAh
Althea,Eggar,10 Bay Terrace,Minneapolis,MN,55436,952-928-8605,aeggarr8@hud.gov,psWEtDt8BoeN
Scotty,Scowcraft,4120 Colorado Point,Salt Lake City,UT,84189,801-218-1151,sscowcraftr9@nsw.gov.au,b8wnfe
Cammy,Capnor,0 Stone Corner Street,Roanoke,VA,24020,540-589-6598,ccapnorra@macromedia.com,auyXTENVBW
Waylan,Lealle,04 Ryan Way,Oklahoma City,OK,73109,405-821-7268,wleallerb@sfgate.com,ETMAEA
Alaine,McCalum,0 Schiller Parkway,Minneapolis,MN,55423,952-758-8797,amccalumrc@berkeley.edu,lVdi9DMgA
Zonda,Gueinn,77092 Randy Junction,Washington,DC,20430,202-991-2009,zgueinnrd@unc.edu,0TbSWNE0kmW
Bryana,Crowdy,85 Marcy Junction,Syracuse,NY,13224,315-474-5162,bcrowdyre@163.com,AWm89dP
Jillana,Laba,65744 Donald Circle,Toledo,OH,43615,419-540-8155,jlabarf@hostgator.com,YZKzpU
Ranna,Bengal,09510 Lotheville Parkway,Gainesville,FL,32605,352-540-2919,rbengalrg@bbc.co.uk,woSCZQK2Y
Atlante,Acaster,00 Dapin Parkway,Fort Wayne,IN,46814,260-925-8774,aacasterrh@telegraph.co.uk,kEfcVxCIHF
Sayre,Kirkbride,15 Rockefeller Way,Kansas City,MO,64114,816-458-9630,skirkbrideri@theatlantic.com,itoXtflB
Jamill,Shyram,761 Schiller Center,Honolulu,HI,96815,808-474-2100,jshyramrj@bloglovin.com,JGWO6nPqynCg
Aurel,Carnduff,1665 Pawling Drive,Daytona Beach,FL,32123,386-643-4126,acarnduffrk@nih.gov,hVqUALxM
Lida,Attride,65 Rieder Lane,Kansas City,MO,64149,816-129-5847,lattriderl@feedburner.com,aDt0BkG4M
Wini,Franklyn,556 Jana Junction,Chicago,IL,60691,312-578-4422,wfranklynrm@dailymotion.com,pKgIbylQlr
Josefina,Bellard,7179 Canary Crossing,Pensacola,FL,32511,850-586-8928,jbellardrn@nba.com,ZeBXV4Lc52zS
Ernesta,Poolton,5325 Mallory Center,Indianapolis,IN,46231,317-166-9032,epooltonro@diigo.com,7ZBrWlhCrD8h
Sigismond,Guwer,56000 Butterfield Way,Trenton,NJ,8603,609-678-9692,sguwerrp@google.ru,h4n74yDTv
Adorne,Thebeau,163 Melby Center,Huntsville,TX,77343,936-612-1609,athebeaurq@businessweek.com,q7GwE1oR5wE
Odille,Clingoe,242 Sheridan Alley,Amarillo,TX,79165,806-416-6563,oclingoerr@rambler.ru,eX5yZ9Rz
